entryId,entityType,contentfulUrl,slug,Test Form?,formEntityNames,BW Campaign ID,Campaign Member Status,Campaign Name,CXM Campaign ID,Form Name,Form Type,Global Campaign ID,Journey Stage,Lead Source,Lead Source Other,MONET Campaign ID,Product Interest,Solution,US Campaign ID
cp--bcc-suite,contentPage,https://app.contentful.com/spaces/yymku90gll7g/environments/master/entries/cp--bcc-suite,bcc-suite,N,C1 - MRS - Hand Raiser Form,,,,,WS - Neopost Quick Quote Form Handler,,,,WEB,,,,Mailing and Shipping,
79EIXdMwKSvUEeKmMev2bb,contentPage,https://app.contentful.com/spaces/yymku90gll7g/environments/master/entries/79EIXdMwKSvUEeKmMev2bb,da-DK=2026-fedex-rates; en-US=postage-rates/fedex; hi-IN=2026-fedex-rates; no-NO=2026-fedex-rates; sv-SE=2026-fedex-rates,N,C1 - MRS - Hand Raiser Form,,,,,WS - Neopost Quick Quote Form Handler,,,,WEB,,,Postage Rates,Mailing and Shipping,
PrEbKehez03nx5cp3erNq,contentPage,https://app.contentful.com/spaces/yymku90gll7g/environments/master/entries/PrEbKehez03nx5cp3erNq,da-DK=2026-ups-rates; en-CA=postage-rates/ups; en-US=postage-rates/ups; fr-CA=tarifs-postaux/ups; hi-IN=2026-ups-rates; no-NO=2026-ups-rates; sv-SE=2026-ups-rates,N,C1 - MRS - Hand Raiser Form,,,,,WS - Neopost Quick Quote Form Handler,,,,WEB,,,Postage Rates,Mailing and Shipping,
5IypL9six6xRR4BnsIklKx,contentPage,https://app.contentful.com/spaces/yymku90gll7g/environments/master/entries/5IypL9six6xRR4BnsIklKx,da-DK=2026-usps-rates; en-US=postage-rates/usps; hi-IN=2026-usps-rates; no-NO=2026-usps-rates; sv-SE=2026-usps-rates,N,C1 - MRS - Hand Raiser Form,,,,,WS - Neopost Quick Quote Form Handler,,,,WEB,,,Postage Rates,Mailing and Shipping,
cp--as-150-inkjet-envelope-printer,contentPage,https://app.contentful.com/spaces/yymku90gll7g/environments/master/entries/cp--as-150-inkjet-envelope-printer,da-DK=as-150; en-CA=digital-printers/as-150; en-US=digital-printers/as-150; fr-CA=imprimantes-numeriques/as-150; hi-IN=as-150; no-NO=as-150; sv-SE=as-150,N,C1 - MRS - Hand Raiser Form,,,,,WS - Neopost Quick Quote Form Handler,,,,WEB,,,AS-150,Mailing and Shipping,
cp--as-450-monochrome-address-printer,contentPage,https://app.contentful.com/spaces/yymku90gll7g/environments/master/entries/cp--as-450-monochrome-address-printer,da-DK=as-450; en-CA=digital-printers/as-450; en-US=digital-printers/as-450; fr-CA=imprimantes-numeriques/as-450; hi-IN=as-450; no-NO=as-450; sv-SE=as-450,N,C1 - MRS - Hand Raiser Form,,,,,WS - Neopost Quick Quote Form Handler,,,,WEB,,,AS-450,Mailing and Shipping,
cp--as-650-monochrome-address-printer,contentPage,https://app.contentful.com/spaces/yymku90gll7g/environments/master/entries/cp--as-650-monochrome-address-printer,da-DK=as-650; en-CA=digital-printers/as-650; en-US=digital-printers/as-650; fr-CA=imprimantes-numeriques/as-650; hi-IN=as-650; no-NO=as-650; sv-SE=as-650,N,C1 - MRS - Hand Raiser Form,,,,,WS - Neopost Quick Quote Form Handler,,,,WEB,,,AS-650,Mailing and Shipping,
cp--as-850-monochrome-address-printer,contentPage,https://app.contentful.com/spaces/yymku90gll7g/environments/master/entries/cp--as-850-monochrome-address-printer,da-DK=as-850; en-CA=digital-printers/as-850; en-US=digital-printers/as-850; fr-CA=imprimantes-numeriques/as-850; hi-IN=as-850; no-NO=as-850; sv-SE=as-850,N,C1 - MRS - Hand Raiser Form,,,,,WS - Neopost Quick Quote Form Handler,,,,WEB,,,AS-850,Mailing and Shipping,
cp--bcc-architect-contact-data-validation-software,contentPage,https://app.contentful.com/spaces/yymku90gll7g/environments/master/entries/cp--bcc-architect-contact-data-validation-software,da-DK=bcc-architect-contact-data-validation-software; en-US=mailroom-software-bcc-architect; hi-IN=bcc-architect-contact-data-validation-software; no-NO=bcc-architect-contact-data-validation-software; sv-SE=bcc-architect-contact-data-validation-software,N,C1 - MRS - Hand Raiser Form,,,,,WS - Neopost Quick Quote Form Handler,,,,WEB,,,,Mailing and Shipping,
cp--bcc-bulk-mailer-smb,contentPage,https://app.contentful.com/spaces/yymku90gll7g/environments/master/entries/cp--bcc-bulk-mailer-smb,da-DK=bcc-bulk-mailer-smb-mailing-software; en-US=bcc-bulk-mailer; hi-IN=bcc-bulk-mailer-smb-mailing-software; no-NO=bcc-bulk-mailer-smb-mailing-software; sv-SE=bcc-bulk-mailer-smb-mailing-software,N,C1 - MRS - Hand Raiser Form,,,,,WS - Neopost Quick Quote Form Handler,,,,WEB,,,,Mailing and Shipping,
cp--bcc-mail-manager-ci,contentPage,https://app.contentful.com/spaces/yymku90gll7g/environments/master/entries/cp--bcc-mail-manager-ci,da-DK=bcc-mail-manager-ci-postal-software; en-US=bcc-mail-manager-ci; hi-IN=bcc-mail-manager-ci-postal-software; no-NO=bcc-mail-manager-ci-postal-software; sv-SE=bcc-mail-manager-ci-postal-software,N,C1 - MRS - Hand Raiser Form,,,,,WS - Neopost Quick Quote Form Handler,,,,WEB,,,,Mailing and Shipping,
Ayj19zoiyMbByOnKKUcni,contentPage,https://app.contentful.com/spaces/yymku90gll7g/environments/master/entries/Ayj19zoiyMbByOnKKUcni,da-DK=bulk-mailer-smb; en-US=/mailroom-software/bulkmailer; hi-IN=bulk-mailer-smb; no-NO=bulk-mailer-smb; sv-SE=bulk-mailer-smb,N,Form 473,,,,,,,,,,,,Bulk Mailer,Mailing and Shipping,
cp--contact-us-en-us,contentPage,https://app.contentful.com/spaces/yymku90gll7g/environments/master/entries/cp--contact-us-en-us,da-DK=contact-us-landing; en-CA=contact-us; en-US=contact-us; fr-CA=contactez-nous; hi-IN=contact-us-landing; no-NO=contact-us-landing; sv-SE=contact-us-landing,N,A1 - General Contact Form,,,,,,,,,,,,,,
cp--ds-1200-g5iq-folder-inserter,contentPage,https://app.contentful.com/spaces/yymku90gll7g/environments/master/entries/cp--ds-1200-g5iq-folder-inserter,da-DK=ds-1200-g5iq-folder-inserter; en-CA=folder-inserters/ds-1200g5iq; en-US=folder-inserters/ds-1200g5iq; fr-CA=plieuses-insereuses/ds-1200G5iq; hi-IN=ds-1200-g5iq-folder-inserter; no-NO=ds-1200-g5iq-folder-inserter; sv-SE=ds-1200-g5iq-folder-inserter,N,C1 - MRS - Hand Raiser Form,,,,,WS - Neopost Quick Quote Form Handler,,,,WEB,,,DS-1200 G5iq Folder Inserter,Mailing and Shipping,
cp--ds-180i-folder-inserter,contentPage,https://app.contentful.com/spaces/yymku90gll7g/environments/master/entries/cp--ds-180i-folder-inserter,da-DK=ds-180i-folder-inserter; en-CA=folder-inserters/ds-180i; en-US=folder-inserters/ds-180i; fr-CA=plieuses-insereuses/ds-180i; hi-IN=ds-180i-folder-inserter; no-NO=ds-180i-folder-inserter; sv-SE=ds-180i-folder-inserter,N,C1 - MRS - Hand Raiser Form,,,,,WS - Neopost Quick Quote Form Handler,,,,WEB,,,DS-180i Folder Inserter,Mailing and Shipping,
cp--ds-77iq-folder-inserter,contentPage,https://app.contentful.com/spaces/yymku90gll7g/environments/master/entries/cp--ds-77iq-folder-inserter,da-DK=ds-77-iq-folder-inserter; en-CA=folder-inserters/ds-77iq; en-US=folder-inserters/ds-77iq; fr-CA=plieuses-insereuses/ds-77iq; hi-IN=ds-77-iq-folder-inserter; no-NO=ds-77-iq-folder-inserter; sv-SE=ds-77-iq-folder-inserter,N,C1 - MRS - Hand Raiser Form,,,,,WS - Neopost Quick Quote Form Handler,,,,WEB,,,,Mailing and Shipping,
cp--ds-85i-folder-inserter,contentPage,https://app.contentful.com/spaces/yymku90gll7g/environments/master/entries/cp--ds-85i-folder-inserter,da-DK=ds-85i-folder-inserter; en-CA=folder-inserters/ds-85i; en-US=folder-inserters/ds-85i; fr-CA=plieuses-insereuses/ds-85i; hi-IN=ds-85i-folder-inserter; no-NO=ds-85i-folder-inserter; sv-SE=ds-85i-folder-inserter,N,C1 - MRS - Hand Raiser Form,,,,,WS - Neopost Quick Quote Form Handler,,,,WEB,,,,Mailing and Shipping,
cp--ds-95i-folder-inserter,contentPage,https://app.contentful.com/spaces/yymku90gll7g/environments/master/entries/cp--ds-95i-folder-inserter,da-DK=ds-95i-folder-inserter; en-CA=folder-inserters/ds-95i; en-US=folder-inserters/ds-95i; fr-CA=plieuses-insereuses/ds-95i; hi-IN=ds-95i-folder-inserter; no-NO=ds-95i-folder-inserter; sv-SE=ds-95i-folder-inserter,N,C1 - MRS - Hand Raiser Form,,,,,WS - Neopost Quick Quote Form Handler,,,,WEB,,,,Mailing and Shipping,
cp--folder-inserters-envelope-stuffing-machines,contentPage,https://app.contentful.com/spaces/yymku90gll7g/environments/master/entries/cp--folder-inserters-envelope-stuffing-machines,da-DK=envelope-stuffing-machines-and-folder-inserters; en-CA=folder-inserters; en-US=folder-inserters; fr-CA=plieuses-insereuses; hi-IN=envelope-stuffing-machines-and-folder-inserters; no-NO=envelope-stuffing-machines-and-folder-inserters; sv-SE=envelope-stuffing-machines-and-folder-inserters,N,C1 - MRS - Hand Raiser Form,,,,,WS - Neopost Quick Quote Form Handler,,,,WEB,,,,Mailing and Shipping,
7n53fToztSajup5FiJ9dLG,contentPage,https://app.contentful.com/spaces/yymku90gll7g/environments/master/entries/7n53fToztSajup5FiJ9dLG,da-DK=financial-services-resource; en-CA=resources/financial-services; en-US=resources/financial-services; hi-IN=financial-services-resource; no-NO=financial-services-resource; sv-SE=financial-services-resource,N,Form 473,,,,,,,,,,,,,,
zWiXByim2oV7jkAFLaG5w,contentPage,https://app.contentful.com/spaces/yymku90gll7g/environments/master/entries/zWiXByim2oV7jkAFLaG5w,da-DK=form-samples; en-US=form-samples; hi-IN=form-samples; no-NO=form-samples; sv-SE=form-samples,Y,C1 - Digital - Hand Raiser Form|C1 - MRS - Hand Raiser Form|Form 473,,,,,,,,,,,,,,
6pzMb0wOCQ6C7J3Aru8Fwu,contentPage,https://app.contentful.com/spaces/yymku90gll7g/environments/master/entries/6pzMb0wOCQ6C7J3Aru8Fwu,da-DK=gated-content-example; en-US=gated-content-example; hi-IN=gated-content-example; no-NO=gated-content-example; sv-SE=gated-content-example,Y,C1 - Digital - Hand Raiser Form,,,,,,,,,,,,,,
28ayCUNXL16OGKQuxoBKVw,contentPage,https://app.contentful.com/spaces/yymku90gll7g/environments/master/entries/28ayCUNXL16OGKQuxoBKVw,da-DK=general-contact-form-example; en-US=general-contact-form-example; hi-IN=general-contact-form-example; no-NO=general-contact-form-example; sv-SE=general-contact-form-example,Y,A1 - General Contact Form,701OL00000876txYAA,CU-Booking,,7013k000001WKLMAA4,New Form Name Ana,Event Registration,7014X0000036YVhQAM,After-Sales,AP,HEALTHCARE-LG,test MONET,,,7014X000002s0hHQAQ
73mTdCKaKgYRUVT5zKNpeR,contentPage,https://app.contentful.com/spaces/yymku90gll7g/environments/master/entries/73mTdCKaKgYRUVT5zKNpeR,da-DK=ia-series-high-volume-postage-meter; en-CA=postage-meters/ia-series; en-US=postage-meters/ia-series; fr-CA=systemes-postaux/ia-series; hi-IN=ia-series-high-volume-postage-meter; no-NO=ia-series-high-volume-postage-meter; sv-SE=ia-series-high-volume-postage-meter,N,C1 - MRS - Hand Raiser Form,,,,,WS - Neopost Quick Quote Form Handler,,,,WEB,,,,Mailing and Shipping,
cp--im-16c-mail-opener,contentPage,https://app.contentful.com/spaces/yymku90gll7g/environments/master/entries/cp--im-16c-mail-opener,da-DK=im-16; en-CA=mail-openers/im-16; en-US=mail-openers/im-16; fr-CA=ouvre-lettres/im-16; hi-IN=im-16; no-NO=im-16; sv-SE=im-16,N,C1 - MRS - Hand Raiser Form,,,,,WS - Neopost Quick Quote Form Handler,,,,WEB,,,,Mailing and Shipping,
cp--ix-3-postage-meter,contentPage,https://app.contentful.com/spaces/yymku90gll7g/environments/master/entries/cp--ix-3-postage-meter,da-DK=ix-3-postage-meter; en-CA=postage-meters/ix-3; en-US=postage-meters/ix-3; fr-CA=systemes-postaux/ix-3; hi-IN=ix-3-postage-meter; no-NO=ix-3-postage-meter; sv-SE=ix-3-postage-meter,N,C1 - MRS - Hand Raiser Form,,,,,WS - Neopost Quick Quote Form Handler,,,,WEB,,,,Mailing and Shipping,
cp--ix-5-mailing-system,contentPage,https://app.contentful.com/spaces/yymku90gll7g/environments/master/entries/cp--ix-5-mailing-system,da-DK=ix-5-postage-meter; en-CA=postage-meters/ix-5; en-US=postage-meters/ix-5; fr-CA=systemes-postaux/ix-5; hi-IN=ix-5-postage-meter; no-NO=ix-5-postage-meter; sv-SE=ix-5-postage-meter,N,C1 - MRS - Hand Raiser Form,,,,,WS - Neopost Quick Quote Form Handler,,,,WEB,,,,Mailing and Shipping,
cp--mach-6-digital-printer,contentPage,https://app.contentful.com/spaces/yymku90gll7g/environments/master/entries/cp--mach-6-digital-printer,da-DK=mach-6; en-CA=digital-printers/mach-6; en-US=digital-printers/mach-6; fr-CA=imprimantes-numeriques/mach-6; hi-IN=mach-6; no-NO=mach-6; sv-SE=mach-6,N,C1 - MRS - Hand Raiser Form,,,,,WS - Neopost Quick Quote Form Handler,,,,WEB,,,,Mailing and Shipping,
cp--mach-7-color-inkjet-envelope-printer,contentPage,https://app.contentful.com/spaces/yymku90gll7g/environments/master/entries/cp--mach-7-color-inkjet-envelope-printer,da-DK=mach-7; en-CA=digital-printers/mach-7; en-US=digital-printers/mach-7; fr-CA=imprimantes-numeriques/mach-7; hi-IN=mach-7; no-NO=mach-7; sv-SE=mach-7,N,C1 - MRS - Hand Raiser Form,,,,,WS - Neopost Quick Quote Form Handler,,,,WEB,,,,Mailing and Shipping,
cp--solutions-modernize-mail-shipping-operations,contentPage,https://app.contentful.com/spaces/yymku90gll7g/environments/master/entries/cp--solutions-modernize-mail-shipping-operations,da-DK=mailing-solutions-and-shipping-automation; en-CA=modernize-mail-and-shipping; en-US=modernize-mail-and-shipping; fr-CA=moderniser-courrier-expedition; hi-IN=mailing-solutions-and-shipping-automation; no-NO=mailing-solutions-and-shipping-automation; sv-SE=mailing-solutions-and-shipping-automation,N,C1 - MRS - Hand Raiser Form,,,,,WS - Neopost Quick Quote Form Handler,,,,WEB,,,,Mailing and Shipping,
cp--mailroom-furniture,contentPage,https://app.contentful.com/spaces/yymku90gll7g/environments/master/entries/cp--mailroom-furniture,da-DK=mailroom-furniture; en-CA=mailroom-furniture; en-US=mailroom-furniture; fr-CA=mailroom-furniture; hi-IN=mailroom-furniture; no-NO=mailroom-furniture; sv-SE=mailroom-furniture,N,C1 - MRS - Hand Raiser Form,,,,,WS - Neopost Quick Quote Form Handler,Hand Raiser,,,WEB,,,,Mailing and Shipping,
cp--postage-meters-mailing-systems,contentPage,https://app.contentful.com/spaces/yymku90gll7g/environments/master/entries/cp--postage-meters-mailing-systems,da-DK=postage-meters-and-mailing-systems-or-quadient; en-CA=postage-meters; en-US=postage-meters; fr-CA=systemes-postaux; hi-IN=postage-meters-and-mailing-systems-or-quadient; no-NO=postage-meters-and-mailing-systems-or-quadient; sv-SE=postage-meters-and-mailing-systems-or-quadient,N,C1 - MRS - Hand Raiser Form,,,,,WS - Neopost Quick Quote Form Handler,,,,WEB,,,,Mailing and Shipping,
cp--postage-rates-2026,contentPage,https://app.contentful.com/spaces/yymku90gll7g/environments/master/entries/cp--postage-rates-2026,da-DK=postage-rates; en-US=postage-rates; hi-IN=postage-rates; no-NO=postage-rates; sv-SE=postage-rates,N,C1 - MRS - Hand Raiser Form,,,,,WS - Neopost Quick Quote Form Handler,,,,WEB,,,,Mailing and Shipping,
6oGjk1w8t1zLRa9KgACqt3,contentPage,https://app.contentful.com/spaces/yymku90gll7g/environments/master/entries/6oGjk1w8t1zLRa9KgACqt3,da-DK=print-service-providers; en-CA=print-service-providers; en-US=print-service-providers; fr-CA=fournisseurs-services-impression; hi-IN=print-service-providers; no-NO=print-service-providers; sv-SE=print-service-providers,N,C1 - MRS - Hand Raiser Form,,,,,WS - Neopost Quick Quote Form Handler,,,,WEB,,,,Mailing and Shipping,
cp--quadient-support-en-us,contentPage,https://app.contentful.com/spaces/yymku90gll7g/environments/master/entries/cp--quadient-support-en-us,da-DK=quadient-support; en-CA=support; en-US=support; fr-CA=support-client; hi-IN=quadient-support; no-NO=quadient-support; sv-SE=quadient-support,N,A2 - Support Form,,,,,,,,,,,,,,
cp--ta-12-tabber,contentPage,https://app.contentful.com/spaces/yymku90gll7g/environments/master/entries/cp--ta-12-tabber,da-DK=ta-12-tabber; en-US=paper-feeding/ta-12-tabber; hi-IN=ta-12-tabber; no-NO=ta-12-tabber; sv-SE=ta-12-tabber,N,C1 - MRS - Hand Raiser Form,,,,,WS - Neopost Quick Quote Form Handler,,,,WEB,,,,Mailing and Shipping,
cp--ta-25-multi-side-tabber,contentPage,https://app.contentful.com/spaces/yymku90gll7g/environments/master/entries/cp--ta-25-multi-side-tabber,da-DK=ta-25-multi-side-tabber; en-US=paper-feeding/ta-25-tabber; hi-IN=ta-25-multi-side-tabber; no-NO=ta-25-multi-side-tabber; sv-SE=ta-25-multi-side-tabber,N,C1 - MRS - Hand Raiser Form,,,,,WS - Neopost Quick Quote Form Handler,,,,WEB,,,,Mailing and Shipping,
376P7ufjDxxVBshokuoxx7,contentPage,https://app.contentful.com/spaces/yymku90gll7g/environments/master/entries/376P7ufjDxxVBshokuoxx7,da-DK=unsubscribe; en-CA=preferences/unsubscribe; en-US=preferences/unsubscribe; fr-CA=preferences/gestion-des-preferences; hi-IN=unsubscribe; no-NO=unsubscribe; sv-SE=unsubscribe,N,Unsubscribe - Form 1207,,,,,,,,,,,,,,
cp--ds-700-iq-folder-inserter,contentPage,https://app.contentful.com/spaces/yymku90gll7g/environments/master/entries/cp--ds-700-iq-folder-inserter,en-CA=/folder-inserters/ds-700iq; en-US=/folder-inserters/ds-700iq; fr-CA=/plieuses‑insereuses/ds-700iq,N,C1 - MRS - Hand Raiser Form,,,,,WS - Neopost Quick Quote Form Handler,,,,WEB,,,,Mailing and Shipping,
cp--product-accounts-payable-automation,contentPage,https://app.contentful.com/spaces/yymku90gll7g/environments/master/entries/cp--product-accounts-payable-automation,en-CA=ap-automation; en-US=ap-automation; fr-CA=automatisation-comptes-fournisseurs,N,C1 - Digital - Hand Raiser Form,7015a0000019hC3AAI,,,,,,,,Beanworks.com,,,,Accounts Payable,
cp--accounts-receivable-automation,contentPage,https://app.contentful.com/spaces/yymku90gll7g/environments/master/entries/cp--accounts-receivable-automation,en-CA=ar-automation; en-US=ar-automation; fr-CA=automatisation-comptes-clients,N,C1 - Digital - Hand Raiser Form,7015a0000019ghgAAA,DR-AR-Global-FY24,,,,,,,YayPay.com,,,,Accounts Receivable,
cp--solutions-automate-finance-operations,contentPage,https://app.contentful.com/spaces/yymku90gll7g/environments/master/entries/cp--solutions-automate-finance-operations,en-CA=automate-finance-operations; en-US=automate-finance-operations; fr-CA=automatiser-operations-financieres,N,C1 - Digital - Hand Raiser Form,,,,,,,,,,,,,Quadient Suite,
cp--cash-management-working-capital-visibility,contentPage,https://app.contentful.com/spaces/yymku90gll7g/environments/master/entries/cp--cash-management-working-capital-visibility,en-CA=cash-dashboard; en-US=cash-dashboard; fr-CA=tableau-bord-tresorerie,N,C1 - Digital - Hand Raiser Form,,,,,,,,,,,,,Quadient Suite,
2jKk8hB5D6Os3ctyoSAaAh,contentPage,https://app.contentful.com/spaces/yymku90gll7g/environments/master/entries/2jKk8hB5D6Os3ctyoSAaAh,en-CA=component-test-page-translation; en-US=component-test-page-translation,Y,Form 473,,,,,,,,,,,,,,
cp--connectsuite-e-certify-certified-mail-software,contentPage,https://app.contentful.com/spaces/yymku90gll7g/environments/master/entries/cp--connectsuite-e-certify-certified-mail-software,en-CA=connectsuite-e-certify; en-US=connectsuite-e-certify; fr-CA=connectsuite-e-certify,N,C1 - MRS - Hand Raiser Form,,,,,WS - Neopost Quick Quote Form Handler,,,,WEB,,,,Mailing and Shipping,
cp--ccm-product-overview,contentPage,https://app.contentful.com/spaces/yymku90gll7g/environments/master/entries/cp--ccm-product-overview,en-CA=customer-communications; en-US=customer-communications; fr-CA=communications-clients,N,C1 - Digital - Hand Raiser Form,,CU-CXM-Inspire Evolve webpage,,7013k000001SezO,,,,,,,,,Customer Communications,
cp--customer-portals,contentPage,https://app.contentful.com/spaces/yymku90gll7g/environments/master/entries/cp--customer-portals,en-CA=customers; en-US=customers; fr-CA=clients,N,A1 - General Contact Form,,,,,,,,,,,,,,
cp--digital-printers-addressing,contentPage,https://app.contentful.com/spaces/yymku90gll7g/environments/master/entries/cp--digital-printers-addressing,en-CA=digital-printers; en-US=digital-printers; fr-CA=imprimantes-numeriques,N,C1 - MRS - Hand Raiser Form,,,,,WS - Neopost Quick Quote Form Handler,,,,WEB,,,,Mailing and Shipping,
cp--mach-5-digital-printer,contentPage,https://app.contentful.com/spaces/yymku90gll7g/environments/master/entries/cp--mach-5-digital-printer,en-CA=digital-printers/mach-5; en-US=digital-printers/mach-5; fr-CA=imprimantes-numeriques/mach-5,N,C1 - MRS - Hand Raiser Form,,,,,WS - Neopost Quick Quote Form Handler,,,,WEB,,,,Mailing and Shipping,
cp--mach-9ds-dynamic-envelope-printer,contentPage,https://app.contentful.com/spaces/yymku90gll7g/environments/master/entries/cp--mach-9ds-dynamic-envelope-printer,en-CA=digital-printers/mach-9; en-US=digital-printers/mach-9; fr-CA=imprimantes-numeriques/mach-9,N,C1 - MRS - Hand Raiser Form,,,,,WS - Neopost Quick Quote Form Handler,,,,WEB,,,,Mailing and Shipping,
cp--docsecure,contentPage,https://app.contentful.com/spaces/yymku90gll7g/environments/master/entries/cp--docsecure,en-CA=docsecure; en-US=docsecure; fr-CA=docsecure,N,C1 - MRS - Hand Raiser Form,,,,,WS - Neopost Quick Quote Form Handler,,,,WEB,,,,Mailing and Shipping,
cp--industries-education,contentPage,https://app.contentful.com/spaces/yymku90gll7g/environments/master/entries/cp--industries-education,en-CA=education; en-US=education; fr-CA=education,N,A3 - Request a Demo All Solutions,,,,,,,,,,,,,,
cp--customer-communication-solutions,contentPage,https://app.contentful.com/spaces/yymku90gll7g/environments/master/entries/cp--customer-communication-solutions,en-CA=elevate-customer-communications; en-US=elevate-customer-communications; fr-CA=ameliorer-communications-clients,N,C1 - Digital - Hand Raiser Form,,CU-CXM-Inspire Evolve webpage,,7013k000001SezO,,,,,,,,,Customer Communications,
cp--industries-finance,contentPage,https://app.contentful.com/spaces/yymku90gll7g/environments/master/entries/cp--industries-finance,en-CA=finance; en-US=finance; fr-CA=finance,N,A3 - Request a Demo All Solutions,,,,,,,,,,,,,,
cp--aims-360-production-mail-software,contentPage,https://app.contentful.com/spaces/yymku90gll7g/environments/master/entries/cp--aims-360-production-mail-software,en-CA=folder-inserters/aims; en-US=folder-inserters/aims; fr-CA=plieuses-insereuses/aims,N,C1 - MRS - Hand Raiser Form,,,,,WS - Neopost Quick Quote Form Handler,,,,WEB,,,,Mailing and Shipping,
cp--ds-40i-folder-inserter-small-business,contentPage,https://app.contentful.com/spaces/yymku90gll7g/environments/master/entries/cp--ds-40i-folder-inserter-small-business,en-CA=folder-inserters/ds-40i; en-US=folder-inserters/ds-40i; fr-CA=plieuses-insereuses/ds-40i,N,C1 - MRS - Hand Raiser Form,,,,,WS - Neopost Quick Quote Form Handler,,,,WEB,,,,Mailing and Shipping,
cp--ds-64i-folder-inserter,contentPage,https://app.contentful.com/spaces/yymku90gll7g/environments/master/entries/cp--ds-64i-folder-inserter,en-CA=folder-inserters/ds-64i; en-US=folder-inserters/ds-64i; fr-CA=plieuses-insereuses/ds-64i,N,C1 - MRS - Hand Raiser Form,,,,,WS - Neopost Quick Quote Form Handler,,,,WEB,,,,Mailing and Shipping,
3jfdzy6xiMA1V9sxB9TgLU,contentPage,https://app.contentful.com/spaces/yymku90gll7g/environments/master/entries/3jfdzy6xiMA1V9sxB9TgLU,en-CA=folder-inserters/ds-67iq; en-US=folder-inserters/ds-67iq; fr-CA=plieuses-insereuses/ds-67iq,N,C1 - MRS - Hand Raiser Form,,,,,WS - Neopost Quick Quote Form Handler,,,,WEB,,,,Mailing and Shipping,
cp--healthcare-automation-solutions,contentPage,https://app.contentful.com/spaces/yymku90gll7g/environments/master/entries/cp--healthcare-automation-solutions,en-CA=healthcare; en-US=healthcare; fr-CA=secteur-sante,N,A3 - Request a Demo All Solutions,,,,,,,,,,,,,,
cp--impress-automate,contentPage,https://app.contentful.com/spaces/yymku90gll7g/environments/master/entries/cp--impress-automate,en-CA=impress-automate; en-US=impress-automate; fr-CA=impress-automate,N,C1 - MRS - Hand Raiser Form,,,,,WS - Neopost Quick Quote Form Handler,,,,WEB,,,,Mailing and Shipping,
cp--impress-distribute-document-delivery-solution,contentPage,https://app.contentful.com/spaces/yymku90gll7g/environments/master/entries/cp--impress-distribute-document-delivery-solution,en-CA=impress-distribute; en-US=impress-distribute; fr-CA=impress-distribute,N,C1 - MRS - Hand Raiser Form,,,,,WS - Neopost Quick Quote Form Handler,,,,WEB,,,,Mailing and Shipping,
cp--quadient-markets,contentPage,https://app.contentful.com/spaces/yymku90gll7g/environments/master/entries/cp--quadient-markets,en-CA=industries; en-US=industries; fr-CA=industries,N,A3 - Request a Demo All Solutions,,,,,,,,,,,,,,
cp--insurance-automation-solutions,contentPage,https://app.contentful.com/spaces/yymku90gll7g/environments/master/entries/cp--insurance-automation-solutions,en-CA=insurance; en-US=insurance; fr-CA=assurance,N,A3 - Request a Demo All Solutions,,,,,,,,,,,,,,
cp--product-parent-invoice-delivery,contentPage,https://app.contentful.com/spaces/yymku90gll7g/environments/master/entries/cp--product-parent-invoice-delivery,en-CA=invoice-delivery; en-US=invoice-delivery; fr-CA=distribution-factures,N,C1 - Digital - Hand Raiser Form,7015a0000019ghgAAA,DR-AR-Global-FY24,,,,,,,YayPay.com,,,Invoice Delivery,Accounts Receivable,
cp--mail-automation-software,contentPage,https://app.contentful.com/spaces/yymku90gll7g/environments/master/entries/cp--mail-automation-software,en-CA=mail-automation-software; en-US=mail-automation-software; fr-CA=logiciels-automatisation-courrier,N,C1 - MRS - Hand Raiser Form,,,,,WS - Neopost Quick Quote Form Handler,,,,WEB,,,,Mailing and Shipping,
cp--mail-openers-preparation-equipment,contentPage,https://app.contentful.com/spaces/yymku90gll7g/environments/master/entries/cp--mail-openers-preparation-equipment,en-CA=mail-openers; en-US=mail-openers; fr-CA=ouvre-lettres,N,C1 - MRS - Hand Raiser Form,,,,,WS - Neopost Quick Quote Form Handler,,,,WEB,,,,Mailing and Shipping,
cp--im-210-automatic-mail-opener,contentPage,https://app.contentful.com/spaces/yymku90gll7g/environments/master/entries/cp--im-210-automatic-mail-opener,en-CA=mail-openers/im-210; en-US=mail-openers/im-210; fr-CA=ouvre-lettres/im-210,N,C1 - MRS - Hand Raiser Form,,,,,WS - Neopost Quick Quote Form Handler,,,,WEB,,,,Mailing and Shipping,
cp--im-306-high-volume-envelope-opener,contentPage,https://app.contentful.com/spaces/yymku90gll7g/environments/master/entries/cp--im-306-high-volume-envelope-opener,en-CA=mail-openers/im-306; en-US=mail-openers/im-306; fr-CA=ouvre-lettres/im-306,N,C1 - MRS - Hand Raiser Form,,,,,WS - Neopost Quick Quote Form Handler,,,,WEB,,,,Mailing and Shipping,
cp--im-410-automatic-letter-opener,contentPage,https://app.contentful.com/spaces/yymku90gll7g/environments/master/entries/cp--im-410-automatic-letter-opener,en-CA=mail-openers/im-410; en-US=mail-openers/im-410; fr-CA=ouvre-lettres/im-410,N,C1 - MRS - Hand Raiser Form,,,,,WS - Neopost Quick Quote Form Handler,,,,WEB,,,,Mailing and Shipping,
cp--mail-shipping-automation,contentPage,https://app.contentful.com/spaces/yymku90gll7g/environments/master/entries/cp--mail-shipping-automation,en-CA=mail-shipping-automation; en-US=mail-shipping-automation; fr-CA=automatisation-courrier-expedition,N,C1 - MRS - Hand Raiser Form,,,,,WS - Neopost Quick Quote Form Handler,,,,WEB,,,,Mailing and Shipping,
cp--product-mailroom-equipment,contentPage,https://app.contentful.com/spaces/yymku90gll7g/environments/master/entries/cp--product-mailroom-equipment,en-CA=mailroom-equipment; en-US=mailroom-equipment; fr-CA=equipement-salle-courrier,N,C1 - MRS - Hand Raiser Form,,,,,WS - Neopost Quick Quote Form Handler,,,,WEB,,,,Mailing and Shipping,
cp--mcolor-color-management-software,contentPage,https://app.contentful.com/spaces/yymku90gll7g/environments/master/entries/cp--mcolor-color-management-software,en-CA=mcolor; en-US=mcolor; fr-CA=mcolor,N,C1 - MRS - Hand Raiser Form,,,,,WS - Neopost Quick Quote Form Handler,,,,WEB,,,,Mailing and Shipping,
oVAt7YOSKTADEB4gFH4D5,contentPage,https://app.contentful.com/spaces/yymku90gll7g/environments/master/entries/oVAt7YOSKTADEB4gFH4D5,en-CA=package-shipping-solutions/2ship; en-US=2ship; fr-CA=solutions-d-expedition-et-de-suivi/2Ship,N,C1 - MRS - Hand Raiser Form,,,,,WS - Neopost Quick Quote Form Handler,,,,WEB,,,,Mailing and Shipping,
cp--paper-feeding-finishing-equipment,contentPage,https://app.contentful.com/spaces/yymku90gll7g/environments/master/entries/cp--paper-feeding-finishing-equipment,en-CA=paper-feeding; en-US=paper-feeding; fr-CA=plieuse-automatique,N,C1 - MRS - Hand Raiser Form,,,,,WS - Neopost Quick Quote Form Handler,,,,WEB,,,,Mailing and Shipping,
cp--pf-60-automatic-paper-folder,contentPage,https://app.contentful.com/spaces/yymku90gll7g/environments/master/entries/cp--pf-60-automatic-paper-folder,en-CA=paper-feeding/pf-60; en-US=paper-feeding/pf-60; fr-CA=plieuse-automatique/pf-60,N,C1 - MRS - Hand Raiser Form,,,,,WS - Neopost Quick Quote Form Handler,,,,WEB,,,,Mailing and Shipping,
cp--pf-80-automatic-paper-folder,contentPage,https://app.contentful.com/spaces/yymku90gll7g/environments/master/entries/cp--pf-80-automatic-paper-folder,en-CA=paper-feeding/pf-80; en-US=paper-feeding/pf-80; fr-CA=plieuse-automatique/pf-80,N,C1 - MRS - Hand Raiser Form,,,,,WS - Neopost Quick Quote Form Handler,,,,WEB,,,,Mailing and Shipping,
cp--parcel-shipping-and-tracking-solutions,contentPage,https://app.contentful.com/spaces/yymku90gll7g/environments/master/entries/cp--parcel-shipping-and-tracking-solutions,en-CA=parcels; en-US=parcels; fr-CA=colis,N,C1 - MRS - Hand Raiser Form,,,,,WS - Neopost Quick Quote Form Handler,,,,WEB,,,,Mailing and Shipping,
11u3WEg0EcjtfbDSzwTZ8x,contentPage,https://app.contentful.com/spaces/yymku90gll7g/environments/master/entries/11u3WEg0EcjtfbDSzwTZ8x,en-CA=postage-meters/ix-1; en-US=postage-meters/ix-1; fr-CA=systemes-postaux/ix-1,N,C1 - MRS - Hand Raiser Form,,,,,WS - Neopost Quick Quote Form Handler,,,,WEB,,,,Mailing and Shipping,
cp--ix-7-mailing-system,contentPage,https://app.contentful.com/spaces/yymku90gll7g/environments/master/entries/cp--ix-7-mailing-system,en-CA=postage-meters/ix-7; en-US=postage-meters/ix-7; fr-CA=systemes-postaux/ix-7,N,C1 - MRS - Hand Raiser Form,,,,,WS - Neopost Quick Quote Form Handler,,,,WEB,,,,Mailing and Shipping,
cp--ix-9-mailing-shipping-system,contentPage,https://app.contentful.com/spaces/yymku90gll7g/environments/master/entries/cp--ix-9-mailing-shipping-system,en-CA=postage-meters/ix-9; en-US=postage-meters/ix-9,N,C1 - MRS - Hand Raiser Form,,,,,WS - Neopost Quick Quote Form Handler,,,,WEB,,,,Mailing and Shipping,
cp--products,contentPage,https://app.contentful.com/spaces/yymku90gll7g/environments/master/entries/cp--products,en-CA=products; en-US=products; fr-CA=produits,N,A1 - General Contact Form,,,,,,,,,,,,,,
cp--public-sector-automation-solutions,contentPage,https://app.contentful.com/spaces/yymku90gll7g/environments/master/entries/cp--public-sector-automation-solutions,en-CA=public-sector; en-US=public-sector; fr-CA=secteur-public,N,A3 - Request a Demo All Solutions,,,,,,,,,,,,,,
cp--quadient-platform-business-automation-software,contentPage,https://app.contentful.com/spaces/yymku90gll7g/environments/master/entries/cp--quadient-platform-business-automation-software,en-CA=quadient-suite; en-US=quadient-suite; fr-CA=suite-quadient,N,A3 - Request a Demo All Solutions,,,,,,,,,,,,,,
cp--retail-consumer-services-landing,contentPage,https://app.contentful.com/spaces/yymku90gll7g/environments/master/entries/cp--retail-consumer-services-landing,en-CA=retail; en-US=retail; fr-CA=commerce-detail,N,A3 - Request a Demo All Solutions,,,,,,,,,,,,,,
cp--secure-barcode-document-integrity-software,contentPage,https://app.contentful.com/spaces/yymku90gll7g/environments/master/entries/cp--secure-barcode-document-integrity-software,en-CA=secure-barcode; en-US=secure-barcode; fr-CA=secure-barcode,N,C1 - MRS - Hand Raiser Form,,,,,WS - Neopost Quick Quote Form Handler,,,,WEB,,,,Mailing and Shipping,
cp--smart-essential-mailing-software,contentPage,https://app.contentful.com/spaces/yymku90gll7g/environments/master/entries/cp--smart-essential-mailing-software,en-CA=smart-essential; en-US=smart-essential; fr-CA=smart-essential,N,C1 - MRS - Hand Raiser Form,,,,,WS - Neopost Quick Quote Form Handler,,,,WEB,,,,Mailing and Shipping,
cp--smart-mailcenter-mailroom-software,contentPage,https://app.contentful.com/spaces/yymku90gll7g/environments/master/entries/cp--smart-mailcenter-mailroom-software,en-CA=smart-mailcenter; en-US=smart-mailcenter; fr-CA=smart-mailcenter,N,C1 - MRS - Hand Raiser Form,,,,,WS - Neopost Quick Quote Form Handler,,,,WEB,,,,Mailing and Shipping,
cp--smart-online-desktop-shipping-software,contentPage,https://app.contentful.com/spaces/yymku90gll7g/environments/master/entries/cp--smart-online-desktop-shipping-software,en-CA=smart-online; en-US=smart-online; fr-CA=smart-online,N,C1 - MRS - Hand Raiser Form,,,,,WS - Neopost Quick Quote Form Handler,,,,WEB,,,,Mailing and Shipping,
cp--smart-online-smart-essential-landing-page,contentPage,https://app.contentful.com/spaces/yymku90gll7g/environments/master/entries/cp--smart-online-smart-essential-landing-page,en-CA=smart; en-US=smart; fr-CA=smart,N,C1 - MRS - Hand Raiser Form,,,,,WS - Neopost Quick Quote Form Handler,,,,WEB,,,,Mailing and Shipping,
cp--solutions-home-en-us,contentPage,https://app.contentful.com/spaces/yymku90gll7g/environments/master/entries/cp--solutions-home-en-us,en-CA=solutions; en-US=solutions; fr-CA=solutions,N,A3 - Request a Demo All Solutions,,,,,,,,,,,,,,
cp--quadient-industries-utilities,contentPage,https://app.contentful.com/spaces/yymku90gll7g/environments/master/entries/cp--quadient-industries-utilities,en-CA=utilities; en-US=utilities; fr-CA=services-publics,N,A3 - Request a Demo All Solutions,,,,,,,,,,,,,,
cp--wts-internal-package-tracking-software,contentPage,https://app.contentful.com/spaces/yymku90gll7g/environments/master/entries/cp--wts-internal-package-tracking-software,en-CA=wts-web-tracking-system; en-US=wts-web-tracking-system; fr-CA=wts-systeme-suivi-web,N,C1 - MRS - Hand Raiser Form,,,,,WS - Neopost Quick Quote Form Handler,,,,WEB,,,,Mailing and Shipping,
cp--government-accounts,contentPage,https://app.contentful.com/spaces/yymku90gll7g/environments/master/entries/cp--government-accounts,government-accounts,N,A3 - Request a Demo All Solutions,,,,,,,,,,,,,,
2IdxzfG4nB4fNwuhHoM8kl,contentPage,https://app.contentful.com/spaces/yymku90gll7g/environments/master/entries/2IdxzfG4nB4fNwuhHoM8kl,healthcare-contracts,N,C1 - MRS - Hand Raiser Form,,,,,WS - Neopost Quick Quote Form Handler,,,,WEB,,,,Mailing and Shipping,
4mAQsEub8vu0VkHNOeOmRB,contentPage,https://app.contentful.com/spaces/yymku90gll7g/environments/master/entries/4mAQsEub8vu0VkHNOeOmRB,healthcare-contracts/premier-gpo,N,C1 - MRS - Hand Raiser Form,,,,,WS - Neopost Quick Quote Form Handler,,,,WEB,,,,Mailing and Shipping,
206H9IdlowuAUOoT7odeSW,contentPage,https://app.contentful.com/spaces/yymku90gll7g/environments/master/entries/206H9IdlowuAUOoT7odeSW,healthcare-contracts/provista,N,C1 - MRS - Hand Raiser Form,,,,,WS - Neopost Quick Quote Form Handler,,,,WEB,,,,Mailing and Shipping,
4AAeWLwUpMmdJuY0zFaACM,contentPage,https://app.contentful.com/spaces/yymku90gll7g/environments/master/entries/4AAeWLwUpMmdJuY0zFaACM,healthcare-contracts/vizient,N,C1 - MRS - Hand Raiser Form,,,,,WS - Neopost Quick Quote Form Handler,,,,WEB,,,,Mailing and Shipping,
cp--as-csd3-conveyor-stacker,contentPage,https://app.contentful.com/spaces/yymku90gll7g/environments/master/entries/cp--as-csd3-conveyor-stacker,paper-feeding/as-csd3,N,C1 - MRS - Hand Raiser Form,,,,,WS - Neopost Quick Quote Form Handler,,,,WEB,,,,Mailing and Shipping,
cp--as-csd6-conveyor-stacker,contentPage,https://app.contentful.com/spaces/yymku90gll7g/environments/master/entries/cp--as-csd6-conveyor-stacker,paper-feeding/as-csd6,N,C1 - MRS - Hand Raiser Form,,,,,WS - Neopost Quick Quote Form Handler,,,,WEB,,,,Mailing and Shipping,
cp--as-fdr-14-high-speed-friction-feeder,contentPage,https://app.contentful.com/spaces/yymku90gll7g/environments/master/entries/cp--as-fdr-14-high-speed-friction-feeder,paper-feeding/as-fdr-14,N,C1 - MRS - Hand Raiser Form,,,,,WS - Neopost Quick Quote Form Handler,,,,WEB,,,,Mailing and Shipping,
cp--ta-fdr25-feeder,contentPage,https://app.contentful.com/spaces/yymku90gll7g/environments/master/entries/cp--ta-fdr25-feeder,paper-feeding/ta-fdr-25,N,C1 - MRS - Hand Raiser Form,,,,,WS - Neopost Quick Quote Form Handler,,,,WEB,,,,Mailing and Shipping,
1pHrFcTxhLxtrxHk1JEdap,homePage,https://app.contentful.com/spaces/yymku90gll7g/environments/master/entries/1pHrFcTxhLxtrxHk1JEdap,/,N,A3 - Request a Demo All Solutions,,,,,,,,,,,,,,
1vG4RRSLyVdWgIPACXJm8E,listingPage,https://app.contentful.com/spaces/yymku90gll7g/environments/master/entries/1vG4RRSLyVdWgIPACXJm8E,en-CA=/news; en-US=news; fr-CA=actualites,N,Press and News Form,,,,,,Press/News,,,,,,,,
6P19TKRFh4xTJU2OX3kJXI,resourcePage,https://app.contentful.com/spaces/yymku90gll7g/environments/master/entries/6P19TKRFh4xTJU2OX3kJXI,de-AT=ressourcen/der-umfassende-leitfaden-zur-postautomatisierung-finden-sie-die-richtige-kuvertiermaschine; de-CH=ressourcen/der-umfassende-leitfaden-zur-postautomatisierung-finden-sie-die-richtige-kuvertiermaschine; de-DE=ressourcen/der-umfassende-leitfaden-zur-postautomatisierung-finden-sie-die-richtige-kuvertiermaschine; en-US=ebooks-papers/comprehensive-guide-how-find-right-folder-inserter; fr-FR=ressources/guide_achat_machine_mise_sous_pli,N,C1 - MRS - Hand Raiser Form,,WP-MRS-DOWNLOAD-MRS-FIBG,,,MCCF - FY23-Q1-AM-RM-IB-MRS-FOLDER-INSERTER-BUYERS-GUIDE,,,Comparison,WEB,,,Folder Inserters,Mailing and Shipping,7014X000002iQMmQAM
2HE1fLOx08rnaZFU4kdPAd,resourcePage,https://app.contentful.com/spaces/yymku90gll7g/environments/master/entries/2HE1fLOx08rnaZFU4kdPAd,de-AT=ressourcen/die-zukunft-der-post-5-top-prognosen-von-branchenexperten; de-CH=ressourcen/die-zukunft-der-post-5-top-prognosen-von-branchenexperten; de-DE=ressourcen/die-zukunft-der-post-5-top-prognosen-von-branchenexperten; en-US=ebooks-papers/future-mail-top-5-predictions-industry-experts,N,C1 - MRS - Hand Raiser Form,,EB-MRS-Top5predictions,,,MCCF - FY20-Q3-GL-CEC-IB-MRS-Top5predictions,,7014X000002e3FmQAI,Awareness,WEB,,,Folding Inserting Machine,Mailing and Shipping,7010y000001UHu8AAG
1VsOfwcVLEBL0q2KbhPM4v,resourcePage,https://app.contentful.com/spaces/yymku90gll7g/environments/master/entries/1VsOfwcVLEBL0q2KbhPM4v,de-AT=ressourcen/die-zukunft-im-druckbereich-druckdienstleister-psps-bauen-tragfahigere-kundenbeziehungen; de-CH=ressourcen/die-zukunft-im-druckbereich-druckdienstleister-psps-bauen-tragfahigere-kundenbeziehungen; de-DE=ressourcen/die-zukunft-im-druckbereich-druckdienstleister-psps-bauen-tragfaehigere-kundenbeziehungen; en-US=ebooks-papers/printing-future-print-service-providers-psps-build-stronger-customer-connections,N,C1 - MRS - Hand Raiser Form,,,,,,,,Awareness,WEB,,,,Mailing and Shipping,
1736Pk1rYqSK7FYi72jGTo,resourcePage,https://app.contentful.com/spaces/yymku90gll7g/environments/master/entries/1736Pk1rYqSK7FYi72jGTo,de-DE=ressourcen/2025-spark-matrix-accounts-receivable-applications; en-US=ebooks-papers/2025-spark-matrix-accounts-receivable-applications; fr-FR=ressources/2025-spark-matrix-gestion-comptes-clients,N,C1 - Digital - Hand Raiser Form,701OL00000RSEuwYAH,AR-AR-Access report,FY25-Q2-GL-CORP-IB-AR-ACQ-SPARK Matrix AR Application 2025,,,,701Pq00000Z2uE3IAJ,Awareness|Comparison,YayPay.com,,,Accounts Receivable Automation,Accounts Receivable,
2D3pDKAI2V1zC85gAd4Nja,resourcePage,https://app.contentful.com/spaces/yymku90gll7g/environments/master/entries/2D3pDKAI2V1zC85gAd4Nja,de-DE=ressourcen/abloesung-lokal-gehosteter-legacy-ccm-systeme; en-US=ebooks-papers/replacing-premises-legacy-customer-communication-systems; fr-FR=ressources/mettre-a-jour-systeme-ccm-sur-site,N,C1 - Digital - Hand Raiser Form,,GD-CXM-Replacing/Upgrading On-Prem Legac,,701Rp00000JFKtAIAX,,,,Awareness,,,,,Customer Communications,
35kZoEvHPN2UOjabv6WQYZ,resourcePage,https://app.contentful.com/spaces/yymku90gll7g/environments/master/entries/35kZoEvHPN2UOjabv6WQYZ,de-DE=ressourcen/auswirkungen-der-automatisierung-auf-den-dokumenten-workflow-pilotstudie; en-US=ebooks-papers/how-automation-impacts-document-workflow-pilot-study; es=recursos/como-la-automatizacion-afecta-el-flujo-de-trabajo-documental-un-estudio-piloto; it-IT=risorse/come-lautomazione-incide-sul-workflow-dei-documenti-uno-studio-pilota; nl-NL=bronnen/how-automation-impacts-document-workflow-pilot-study,N,C1 - Digital - Hand Raiser Form,,WP-IDA-Automation Document Workflow,,,MCCF - FY20-Q2-GL-CEC-IB-BPA-Automation Document Workflow,,7016g000000EFaiAAG,Awareness,,,,,Intelligent Document Automation,7010y000000n5I7AAI
2sT9iERPvYCrDzSqDy9uds,resourcePage,https://app.contentful.com/spaces/yymku90gll7g/environments/master/entries/2sT9iERPvYCrDzSqDy9uds,de-DE=ressourcen/bessere-kundenerlebnisse-schaffen; en-US=ebooks-papers/delivering-better-customer-experience; es=recursos/ofreciendo-mejor-experiencia-cliente; fr-FR=ressources/livre-blanc-madison-advisors-experience-client-ccm,N,C1 - Digital - Hand Raiser Form,,WP-CXM-Madison Advisors Deliver BetterCX,,701Rp00000KQ7aGIAT,,,,Awareness,,,,Customer Communications Management,Customer Communications,
2mD0Q1G4JUauTGTDaip5Oq,resourcePage,https://app.contentful.com/spaces/yymku90gll7g/environments/master/entries/2mD0Q1G4JUauTGTDaip5Oq,de-DE=ressourcen/bmo-digitale-transformation-des-privatkunden-banking; en-US=case-studies/bmo-digital-transformation-personal-banking; es=recursos/bmo-transformation-digital-en-la-banca-personal; it-IT=risorse/bmo-la-trasformazione-digitale-nel-personal-banking; ja-JP=resources/celent-case-study-bmo-digital-transformation-personal-banking,N,C1 - Digital - Hand Raiser Form,,CS-Celent - Bank of Montreal|CS-CXM-Celent - Bank of Montreal,,7012A000001V5nfQAC,MCCF - FY17-Q1-GL-BD-INT-GMC-BMO Case Study,,,Awareness,,,,Customer Communications Management,Customer Communications,
36NCo9tYSEQ282xIrSUpgj,resourcePage,https://app.contentful.com/spaces/yymku90gll7g/environments/master/entries/36NCo9tYSEQ282xIrSUpgj,de-DE=ressourcen/ccm-101; en-US=ebooks-papers/ccm-101,N,C1 - Digital - Hand Raiser Form,,GD-CXM-CCM_101,,7013k000001jgJtAAI,,,,Awareness,,,,Customer Communications Management,Customer Communications,
2jALhMTdHeQfwkAWzN0F7B,resourcePage,https://app.contentful.com/spaces/yymku90gll7g/environments/master/entries/2jALhMTdHeQfwkAWzN0F7B,de-DE=ressourcen/das-digitale-buro-fur-kmu-hurden-der-dokumentenautomatisierung-uberwinden; en-US=ebooks-papers/enabling-your-digital-office-smbs-breaking-barriers-document-automation-0,N,C1 - Digital - Hand Raiser Form,,,,,,,,Awareness,,,,Mail Automation Software,Intelligent Document Automation,
5Q3MdESqwtfxapaxAjUNMt,resourcePage,https://app.contentful.com/spaces/yymku90gll7g/environments/master/entries/5Q3MdESqwtfxapaxAjUNMt,de-DE=ressourcen/der-ultimative-ki-leitfaden-forderungsmanagement; en-US=ebooks-papers/ultimate-ai-guide-accounts-receivable-professionals,N,C1 - Digital - Hand Raiser Form,701OL000004mC9SYAU,EB-AR-Ultimate-AI-Guide,FY23-Q4-AM-FA-AR-Ultimate-AI-Guide-AR-Professionals-eBook,,,,,Awareness,,,,Accounts Receivable Automation,Accounts Receivable,
3UpL23OodxIOVdzewY9f0f,resourcePage,https://app.contentful.com/spaces/yymku90gll7g/environments/master/entries/3UpL23OodxIOVdzewY9f0f,de-DE=ressourcen/forrester-total-economic-impact-studie; en-US=ebooks-papers/forrester-tei; fr-FR=ressources/forrester-tei,N,C1 - Digital - Hand Raiser Form,7015a0000019gnoAAA,RP-AR-YayPay_Forrester_TEI_Report,,,MCCF - FY21-Q2-GL-CEC-BPA-YayPay_Forrester_TEI_Report,,7014X000002HCEmQAO,Awareness,Email Campaign,,,Accounts Receivable Automation,Accounts Receivable,7014X000002lyluQAA
g9a0nkrjbYVFLUZYwBCCX,resourcePage,https://app.contentful.com/spaces/yymku90gll7g/environments/master/entries/g9a0nkrjbYVFLUZYwBCCX,de-DE=ressourcen/funf-anzeichen-dafur-CCM-plattform; en-US=ebooks-papers/five-signs-your-customer-communications-management-platform-no-longer-serving-you; es=recursos/cinco-senales-ccm-no-le-esta-sirviendo; fr-FR=ressources/5-signes-plateforme-CCM-depassee; it-IT=risorse/cinque-segnali-che-la-piattaforma-di-customer-communications-management-non-e-piu-funzionale,N,C1 - Digital - Hand Raiser Form,,,,,,,,Awareness,,,,Customer Communications Management,Customer Communications,
3ReupAdPZFhxSXmjUcRuL1,resourcePage,https://app.contentful.com/spaces/yymku90gll7g/environments/master/entries/3ReupAdPZFhxSXmjUcRuL1,de-DE=ressourcen/kritische-momente-kontaktpunkte-die-das-kundenerlebnis-pragen; en-US=ebooks-papers/moments-matter-critical-touchpoints-make-or-break-customer-experience; es=recursos/momentos-que-importan-puntos-criticos-que-impactan-la-experiencia-del-cliente; fr-FR=ressources/des-moments-qui-comptent-les-points-de-contact-critiques-qui-font-ou-defont-lexperience-du-client; ja-JP=resources/決定的な瞬間：カスタマーエクスペリエンスの成否を分ける重要なタッチポイント「英語」; nl-NL=bronnen/moments-matter-critical-touchpoints-make-or-break-customer-experience,N,C1 - Digital - Hand Raiser Form,,EB-CXM-Moments that matter,,7013k000001W2pa,,,,Awareness,,,,Customer Communications Management,Customer Communications,
2Mc652LAy1OTMJdV82erKs,resourcePage,https://app.contentful.com/spaces/yymku90gll7g/environments/master/entries/2Mc652LAy1OTMJdV82erKs,de-DE=ressourcen/kundenkommunikation-Cloud-SaaS-upgrade-CCM; en-US=ebooks-papers/saas-customer-communications-replacementupgrade; es=recursons-sustitucion-actualizacion-sistema-SaaS-comunicacion-clientes; fr-FR=ressources/guide-mise-a-niveau-ccm-saas,N,C1 - Digital - Hand Raiser Form,,GD-CXM-SaaS Replacement/Upgrade,,701Rp00000JFXOvIAP,,,,Awareness,,,,Customer Communications Management,Customer Communications,
2JUV3dNLO9EfxaZqoBRG95,resourcePage,https://app.contentful.com/spaces/yymku90gll7g/environments/master/entries/2JUV3dNLO9EfxaZqoBRG95,de-DE=ressourcen/legacy-konsolidierung-operative-transformation; en-US=ebooks-papers/legacy-consolidation-operational-transformation; es=recursos-consolidacion-sistemas-heredados-transformacion-operativa; fr-FR=ressources/guide-consolidation-systemes-CCM-herites,N,C1 - Digital - Hand Raiser Form,,GD-CXM-Legacy Consolidation/Transformati,,701Rp00000JFW35IAH,,,,Awareness,,,,Customer Communications Management,Customer Communications,
5lEhORwCFphBt39v56GJce,resourcePage,https://app.contentful.com/spaces/yymku90gll7g/environments/master/entries/5lEhORwCFphBt39v56GJce,de-DE=ressourcen/quadient-im-aspire-leaderboard-fur-ccm-2021-als-sieger-eingestuft; en-US=ebooks-papers/quadient-named-leader-2021-aspire-leaderboard-ccm; es=recursos/quadient-nombrado-lider-en-el-reporte-aspire-2021-para-ccm; fr-FR=ressources/quadient-nomme-leader-du-classement-aspire-leaderboard-2021-pour-la-ccm; nl-NL=bronnen/quadient-een-leider-genoemd-op-het-aspire-leaderboard-van-2021-voor-ccm,N,C1 - Digital - Hand Raiser Form,,AR-2021_Aspire_Leaderboard_Access|AR-CXM-2021_Aspire_Leaderboard_Access,,7013k000001Sfma,MCCF -,,,Comparison,,,,Customer Communications Management,Customer Communications,
4wo3tt8ePpaxxnDnyII4iP,resourcePage,https://app.contentful.com/spaces/yymku90gll7g/environments/master/entries/4wo3tt8ePpaxxnDnyII4iP,de-DE=ressourcen/santander-bank-uk-onboarding-auf-ganz-neuem-niveau; en-US=case-studies/santander-bank-uk-taking-onboarding-next-level; es=recursos/santander-bank-uk-llevando-la-incorporacion-al-siguiente-nivel; fr-FR=ressources/santander-bank-uk-faire-passer-lintegration-au-niveau-superieur; it-IT=risorse/santander-bank-uk-onboarding-di-nuova-generazione; ja-JP=resources/santander-bank-uk-ワンランク上のオンボーディングを実現; nl-NL=bronnen/santander-bank-uk-taking-onboarding-next-level,N,C1 - Digital - Hand Raiser Form,,CS-2019 Celent Award: Santander Bank|CS-CXM-2019 Celent Award: Santander Bank,,7012A000000sZPA,MCCF - FY19-Q1-GL-CM-IB-CCM-Celent Santander 2019 Model Bank Case Study,,,Awareness,,,,,Customer Communications,
2dXQCPNI9ywFTuVl1isnI6,resourcePage,https://app.contentful.com/spaces/yymku90gll7g/environments/master/entries/2dXQCPNI9ywFTuVl1isnI6,de-DE=ressourcen/spark-matrix-ccm-2025; en-US=ebooks-papers/spark-matrix-ccm-2025; es=recursos/spark-matrix-ccm-2025; fr-FR=ressources/spark-matrix-ccm-2025; nl-NL=bronnen/spark-matrix-ccm-2025,N,C1 - Digital - Hand Raiser Form,,AR-CXM-Download,,701Rp00000MxLaAIAV,,,,Awareness|Comparison,,,,Customer Communications Management,Customer Communications,
1cwvswWRKNhf8neARgKOD7,resourcePage,https://app.contentful.com/spaces/yymku90gll7g/environments/master/entries/1cwvswWRKNhf8neARgKOD7,de-DE=ressourcen/transformation-der-kundenbindung; en-US=ebooks-papers/transforming-customer-engagement; es=recursos/transformando-interaccion-con-cliente; fr-FR=ressources/aspire-transformer-engagement-client,N,C1 - Digital - Hand Raiser Form,,WP-CXM-Aspire State of CX,,701Rp00000Mp5CPIAZ,,,,Awareness,,,,,Customer Communications,
67GXvoMBkgIe3rV5nXVXK2,resourcePage,https://app.contentful.com/spaces/yymku90gll7g/environments/master/entries/67GXvoMBkgIe3rV5nXVXK2,ebooks-papers/12-strategies-help-finance-leaders-win-talent-war,N,C1 - Digital - Hand Raiser Form,701OL00000SZQ2lYAH,EB-AP-Talent-War,,,,,,Comparison,Email Campaign,,,,Accounts Payable,
2zQtXcPzRJarhJQiLT16O3,resourcePage,https://app.contentful.com/spaces/yymku90gll7g/environments/master/entries/2zQtXcPzRJarhJQiLT16O3,ebooks-papers/2025-ar-collections-best-practices,N,C1 - Digital - Hand Raiser Form,701OL00000KzLC6YAN,EB-AR-NORAM AR Collections Best Practice,FY24-Q4-GL-DG-INT-AR-ACQ-NORAM 2025 AR Collections Best Practices eBook Website,,,,701Pq00000PCBJ4IAP,Awareness,,,,Accounts Receivable Automation,Accounts Receivable,
p6bhgQ9dBTs4jUys87cJE,resourcePage,https://app.contentful.com/spaces/yymku90gll7g/environments/master/entries/p6bhgQ9dBTs4jUys87cJE,ebooks-papers/2025-spark-matrix-accounts-payable-automation,N,C1 - Digital - Hand Raiser Form,701OL00000XQy8nYAD,AR-AP-2025 SPARK Matrix AP Automation,,,,,701Pm00000tPZ9NIAW,Awareness|Comparison,Beanworks.com,,,Accounts Payable Automation|Dematerialization of AP invoices,Accounts Payable,
6r248OfWvZGkba7sR2DzbS,resourcePage,https://app.contentful.com/spaces/yymku90gll7g/environments/master/entries/6r248OfWvZGkba7sR2DzbS,ebooks-papers/5-trends-define-accounts-payable-2025,N,C1 - Digital - Hand Raiser Form,701OL00000OgrQJYAZ,EB-AP-NORAM 5 Trends Define AP,,,,,,Awareness,Beanworks.com,,,Accounts Payable Automation,Accounts Payable,
73Pishs4g0TssjaCKjMJHP,resourcePage,https://app.contentful.com/spaces/yymku90gll7g/environments/master/entries/73Pishs4g0TssjaCKjMJHP,ebooks-papers/7-habits,N,C1 - Digital - Hand Raiser Form,701OL00000Qe4sOYAR,VD-AP-7-habits-organic,,,,,,Awareness,Beanworks.com,,,,Accounts Payable,
6vjis3OcFsLUe7tlXJW6uw,resourcePage,https://app.contentful.com/spaces/yymku90gll7g/environments/master/entries/6vjis3OcFsLUe7tlXJW6uw,ebooks-papers/accounts-receivable-collections-playbook,N,C1 - Digital - Hand Raiser Form,7015a0000019v6qAAA,GD-AR-Collections-Workflow-Playbook,FY22-Q3-AM-AR-Collections-Workflow-Playbook,,,,,Awareness,Email Campaign,,,Accounts Receivable Automation,Accounts Receivable,
2xBwThklFIT1HCUSyWsICk,resourcePage,https://app.contentful.com/spaces/yymku90gll7g/environments/master/entries/2xBwThklFIT1HCUSyWsICk,ebooks-papers/accounts-receivable-management-guide,N,C1 - Digital - Hand Raiser Form,701OL00000Ob8QeYAJ,GD-AR-NORAM AR Management,,,,,,Awareness,,,,Accounts Receivable Automation,Accounts Receivable,
QEm8lEBNnxlekAEeSZS96,resourcePage,https://app.contentful.com/spaces/yymku90gll7g/environments/master/entries/QEm8lEBNnxlekAEeSZS96,ebooks-papers/ccm-maturity-model-managing-your-transformation,N,C1 - Digital - Hand Raiser Form,,WP-CCM Maturity model|WP-CXM-CCM Maturity model,,7013k0000010Tth,MCCF - FY19-Q3-GL-CM-CCM-Whitepaper-CCM Maturity Model,,,Awareness,,,,Accounts Receivable Automation,Customer Communications,
7tYTPNJFVp3FO41ywFICYm,resourcePage,https://app.contentful.com/spaces/yymku90gll7g/environments/master/entries/7tYTPNJFVp3FO41ywFICYm,ebooks-papers/containerization-docker-kubernetes-and-openshift-explained,N,C1 - Digital - Hand Raiser Form,,WP-CXM-Omnichannel Value,,7013k000001S59t,,,,Awareness,,,,,Customer Communications,
2kOwUvDYyTz8bgr3HIuj5Z,resourcePage,https://app.contentful.com/spaces/yymku90gll7g/environments/master/entries/2kOwUvDYyTz8bgr3HIuj5Z,ebooks-papers/create-winning-business-case-ap-automation,N,C1 - Digital - Hand Raiser Form,7015a0000019nxzAAA,VD-AP-Winning business case,FY22-UKIRE-Nurture-AP-Email-Winning-Business-Case-Webinar,,,,,Awareness,Beanworks.com,,,Accounts Payable Automation,Accounts Payable,
4CfiL1A07b9moqCnnMaS4V,resourcePage,https://app.contentful.com/spaces/yymku90gll7g/environments/master/entries/4CfiL1A07b9moqCnnMaS4V,ebooks-papers/customer-playbook-digitizing-invoices,N,C1 - Digital - Hand Raiser Form,,EB-IDA-digitizing invoices playbook,FY25-Q2-GL-CORP-IB-IDA-customer playbook digitizing invoices,,MCCF- FY25-Q2-GL-CORP-IB-IDA-customer playbook digitizing invoices,,701Pq00000YBZRuIAP,Awareness,,WEB,,,Intelligent Document Automation,701Vw00000I0NDZIA3
zKBVIMavBJnir258n0TY6,resourcePage,https://app.contentful.com/spaces/yymku90gll7g/environments/master/entries/zKBVIMavBJnir258n0TY6,ebooks-papers/definitive-dunning-letter-toolkit,N,C1 - Digital - Hand Raiser Form,7015a0000019nZDAAY,GD-AR-Dunning-Letter-Toolkit,,,,,,Awareness,Email Campaign,,,,Accounts Receivable,
VeHOqQzQcVnzC4DHMDZpQ,resourcePage,https://app.contentful.com/spaces/yymku90gll7g/environments/master/entries/VeHOqQzQcVnzC4DHMDZpQ,ebooks-papers/digital-optimization-program-datasheet,N,C1 - Digital - Hand Raiser Form,701OL00000LsiXsYAJ,IG-AR-datasheet-may,,,,,,Awareness,YayPay.com,,,,Accounts Receivable,
6cdFKDfnZY1ijobZ7VwMfs,resourcePage,https://app.contentful.com/spaces/yymku90gll7g/environments/master/entries/6cdFKDfnZY1ijobZ7VwMfs,ebooks-papers/finance-leaders-guide-automating-ap-and-ar,N,C1 - Digital - Hand Raiser Form,701OL00000ObBMtYAN,GD-AP-NORAM FA Guide to AP AR,,,,,,Comparison,Beanworks.com,,,Accounts Payable Automation,Accounts Payable,
7C6Y9REWNNwTkOfeVHkwYC,resourcePage,https://app.contentful.com/spaces/yymku90gll7g/environments/master/entries/7C6Y9REWNNwTkOfeVHkwYC,ebooks-papers/financial-services-automation-use-cases,N,C1 - Digital - Hand Raiser Form,,AR-CXM-Access Report,,701Rp00000IaEzlIAF,,,,Awareness,,,,,Customer Communications,
7asvJzMwQp1TtCGSGdZz01,resourcePage,https://app.contentful.com/spaces/yymku90gll7g/environments/master/entries/7asvJzMwQp1TtCGSGdZz01,ebooks-papers/guide-automating-invoices-finance-teams,N,C1 - MRS - Hand Raiser Form,,GD-MRS-automate-invoice-processes,,,MCCF - FY25-Q2-GL-CORP-IB-IDA-Web-Content-Assets,,701Pq00000YBZRuIAP,Awareness,WEB,,,,Mailing and Shipping,701Vw00000I0NDZIA3
10vBCUA85KRMDPtw89B9jX,resourcePage,https://app.contentful.com/spaces/yymku90gll7g/environments/master/entries/10vBCUA85KRMDPtw89B9jX,ebooks-papers/letters-vs-emails-consumer-research-report,N,C1 - MRS - Hand Raiser Form,,,,,,,,,WEB,,,,Mailing and Shipping,
2DX8gBb4TIVygCZxNr6KeY,resourcePage,https://app.contentful.com/spaces/yymku90gll7g/environments/master/entries/2DX8gBb4TIVygCZxNr6KeY,ebooks-papers/mail-outsourcing-revolution,N,C1 - Digital - Hand Raiser Form,,WP-IDA-Hybrid Workforce,,,MCCF - FY20-Q4-GL-CEC-IB-BPA-Hybrid Workforce,,7014X000002e4v5QAA,Awareness,,,,,Intelligent Document Automation,7014X000002LD4g
4oQKl5jn3liq2ffj20Pxic,resourcePage,https://app.contentful.com/spaces/yymku90gll7g/environments/master/entries/4oQKl5jn3liq2ffj20Pxic,ebooks-papers/navigating-us-canada-trade-relations-guide,N,C1 - Digital - Hand Raiser Form,701OL00000OzecDYAR,EB-AP-Website-Trade-Relations,,,,,,Awareness,Beanworks.com,,,,Accounts Payable,
2n2BVuDqDoMAecw5Z3lWID,resourcePage,https://app.contentful.com/spaces/yymku90gll7g/environments/master/entries/2n2BVuDqDoMAecw5Z3lWID,ebooks-papers/practical-steps-improve-smb-cash-flow,N,C1 - Digital - Hand Raiser Form,701OL00000NauhZYAR,EB-AR-NORAM Improve SMB Cash Flow,,,,,,Awareness,WEB,,,,Accounts Receivable,
7wYShodHgAqCkzfAS3x0LW,resourcePage,https://app.contentful.com/spaces/yymku90gll7g/environments/master/entries/7wYShodHgAqCkzfAS3x0LW,ebooks-papers/preventive-care-for-your-healthcare-operation,N,C1 - MRS - Hand Raiser Form,,WP-MRS-HC-PB1-Whitepaper,FY25-Q3-AM-DG-IB-MRS-CRS-IDA-Mail-Corporate-Website-Impress-Pages,,MCCF - FY25-Q3-AM-DG-IB-MRS-CRS-IDA-Mail-Corporate-Website-Impress-Pages,,,Awareness,WEB,,,Mail,Mailing and Shipping,701Vw00000L5ycAIAR
6yipKvFMbdljZsar2RbPIM,resourcePage,https://app.contentful.com/spaces/yymku90gll7g/environments/master/entries/6yipKvFMbdljZsar2RbPIM,ebooks-papers/print-shop-high-margin-mail-guide,N,C1 - MRS - Hand Raiser Form,,EB-MRS-PSP-PB3-eBook,FY24-Q3-AM-DG-IB-MRS-ACQ-WebSite-D438-PSP,,MCCF - FY24-Q3-AM-DG-IB-MRS-ACQ-WebSite-D438-PSP,,,Awareness,WEB,,,Mail,Mailing and Shipping,7014X000002rwBrQAI
5djdi7zPbSDQ91pHhEZwhE,resourcePage,https://app.contentful.com/spaces/yymku90gll7g/environments/master/entries/5djdi7zPbSDQ91pHhEZwhE,ebooks-papers/quick-reference-guide-to-usps-intelligent-mail-indicia,N,C1 - MRS - Hand Raiser Form,,EB-MRS-IMI_Compliance,,,WS - Neopost Quick Quote Form Handler,,,Awareness,WEB,,,,Mailing and Shipping,7014X000002lwCLQAY
6Kt5BrTq1NEOwoNmqCtc4H,resourcePage,https://app.contentful.com/spaces/yymku90gll7g/environments/master/entries/6Kt5BrTq1NEOwoNmqCtc4H,ebooks-papers/ups-and-fedex-rate-guides,N,C1 - MRS - Hand Raiser Form,,IG-DOWNLOAD-MRS-LO-FEDEX-UPS-GUIDE,FY21-Q3-AM-RM-IB-MRS-LO-FEDEX-UPS-SHIPPING-GUIDES-IG,,MCCF - FY21-Q3-AM-RM-IB-MRS-LO-FEDEX-UPS-SHIPPING-GUIDES-IG,,,Awareness,WEB,,,,Mailing and Shipping,7014X000002m344QAA
3CRFeviMVIPrOVejhsR9jl,resourcePage,https://app.contentful.com/spaces/yymku90gll7g/environments/master/entries/3CRFeviMVIPrOVejhsR9jl,en-GB=resources/optimising-operations-webinar; en-US=webinars-events/optimizing-operations-webinar,N,C1 - Digital - Hand Raiser Form,701OL00000TPSOdYAP,VD-AP-ondemand,FY25-Q2-UD-UKI-DG-IB-AP-ACQ-ondemandOptimsingYourFinancialOperationWithAutomatio,,,,701Pq00000bfpu7IAA,Awareness,Beanworks.com,,,,Accounts Payable,
5dopelubrjou4MwaFcluaP,resourcePage,https://app.contentful.com/spaces/yymku90gll7g/environments/master/entries/5dopelubrjou4MwaFcluaP,en-GB=resources/optimising-your-financial-operations; en-US=ebooks-papers/optimizing-your-financial-operations,N,C1 - Digital - Hand Raiser Form,701OL00000NQ0buYAD,EB-AR-NORAM Optimal Finance,,,,,701Pq00000TBnSvIAL,Awareness,,,,,Accounts Receivable,
50lUZtW8JnZGaHAn81YNZr,resourcePage,https://app.contentful.com/spaces/yymku90gll7g/environments/master/entries/50lUZtW8JnZGaHAn81YNZr,en-GB=resources/quadient-recognised-2023-gartner-magic-quadrant; en-US=ebooks-papers/quadient-recognized-2023-gartner-magic-quadrant; fr-FR=resources/quadient-magic-quadrant-gartner-2023,N,C1 - Digital - Hand Raiser Form,7015a000001NLSRAA4,AR-AR-Gartner-Magic-Quadrant-LP,,,,,,Awareness|Comparison,Email Campaign,,,Accounts Receivable Automation,Accounts Receivable,
6ZPe4IDm6d6lrn1gp7eGwk,resourcePage,https://app.contentful.com/spaces/yymku90gll7g/environments/master/entries/6ZPe4IDm6d6lrn1gp7eGwk,en-US=ebooks-papers/5-trends-set-define-accounts-payable-2024; fr-FR=ressources/top-5-tendances-comptes-fournisseurs-2024,N,C1 - Digital - Hand Raiser Form,701OL0000057wUEYAY,EB-AP-Trends 2024,FY23-Q4-AM-AP-Organic-2024-Trends-EB,,,,,Awareness,Beanworks.com,,,Accounts Payable Automation,Accounts Payable,
2QDR8T6YsbYPbHQyhhpHf1,resourcePage,https://app.contentful.com/spaces/yymku90gll7g/environments/master/entries/2QDR8T6YsbYPbHQyhhpHf1,en-US=ebooks-papers/convergence-customer-communications-management-ccm-and-customer-experience-management-cxm; es=recursos/convergence-customer-communications-management-ccm-and-customer-experience-management-cxm; fr-FR=ressources/la-convergence-de-la-gestion-de-la-communication-client-ccm-et-de-la-gestion-de-lexperience-client-cxm,N,C1 - Digital - Hand Raiser Form,,,,,,,,Awareness,,,,Customer Communications Management,Customer Communications,
3PHw7VIb8DdQL9DP1MjsCS,resourcePage,https://app.contentful.com/spaces/yymku90gll7g/environments/master/entries/3PHw7VIb8DdQL9DP1MjsCS,en-US=ebooks-papers/evolving-customer-communications-cloud; es=resources/evolucionando-las-comunicaciones-con-clientes-la-nube; it-IT=risorse/evoluzione-comunicazione-cliente-cloud,N,C1 - Digital - Hand Raiser Form,,GD-CXM-SaaS_CCM,,7013k000001eESE,,,,Awareness,,,,Customer Communications Management,Customer Communications,
4lYkjgWRDOu3FpOaIrzRtM,resourcePage,https://app.contentful.com/spaces/yymku90gll7g/environments/master/entries/4lYkjgWRDOu3FpOaIrzRtM,en-US=ebooks-papers/futureproofing-accounts-payable-function; fr-FR=resources/le-futur-de-la-gestion-des-comptes-fournisseurs,N,C1 - Digital - Hand Raiser Form,701OL0000071vl0YAA,EB-AP-Futureproofing,FY24-Q1-AM-AP-Nurture-Futureproofing-EB,,,,,Awareness,Beanworks.com,,,Accounts Payable Automation,Accounts Payable,
7h9qBxeP5nod7DUfB02LiE,resourcePage,https://app.contentful.com/spaces/yymku90gll7g/environments/master/entries/7h9qBxeP5nod7DUfB02LiE,en-US=ebooks-papers/idc-customer-connection-dbs-bank; ja-JP=resources/idc-顧客とのつながり-dbs-bank,N,C1 - Digital - Hand Raiser Form,,AR-CXM-Personalizing CCM at DBS|AR-Personalizing CCM at DBS,,7013k000001BqHz,MCCF - FY20-Q3-GL-CEC-IB-CXM-Personalizing CCM at DBS,,,Awareness,,,,,Customer Communications,
6yQmT9pMOIKaH1SHaAjEyL,resourcePage,https://app.contentful.com/spaces/yymku90gll7g/environments/master/entries/6yQmT9pMOIKaH1SHaAjEyL,en-US=ebooks-papers/IDC-marketscape-accounts-receivable-automation-applications; fr-FR=ressources/IDC-marketscape-comptes-clients-automatisation,N,C1 - Digital - Hand Raiser Form,701OL00000LMQO1YAP,RP-AR-IDC-Report-2024,,,,,701Pq00000PmqacIAB,Comparison,,,,Accounts Receivable Automation,Accounts Receivable,
2R9UzOSRzeGWsoXGqBnhWW,resourcePage,https://app.contentful.com/spaces/yymku90gll7g/environments/master/entries/2R9UzOSRzeGWsoXGqBnhWW,en-US=ebooks-papers/qks-ai-maturity-matrix-ccm; es=matriz-de-madurez-ia-qks-ccm; ja-JP=qks-ai-seijyukudo-matrix-ccm,N,C1 - Digital - Hand Raiser Form,,AR-CXM-Download Maturity Matrix,FY25-Q3-GL-DG-IB-ACQ-CXM-2025 QKS AI Maturity Matrix CCM,701Rp00000VoRrFIAV,,,,Awareness,,,,Customer Communications Management,Customer Communications,
63Bmx21Lmi1DYM34PZmK8X,resourcePage,https://app.contentful.com/spaces/yymku90gll7g/environments/master/entries/63Bmx21Lmi1DYM34PZmK8X,en-US=ebooks-papers/quadient-ar-named-leader-idc-marketscape-report; fr-FR=resources/yaypay-nommé-leader-dans-le-rapport-idc-marketscape,N,C1 - Digital - Hand Raiser Form,7015a0000019gkpAAA,RP-AR-IDC-Marktetscape-2021,,,MCCF - FY21-Q1-GL-IB-BPA-YayPay-IDC-Marketscape-Report-2021,,7014X0000029AyxQAE,Comparison,Email Campaign,,,Accounts Receivable Automation,Accounts Receivable,7014X000002lpkeQAA
5USVy4PyIihJxGVBlDVypX,resourcePage,https://app.contentful.com/spaces/yymku90gll7g/environments/master/entries/5USVy4PyIihJxGVBlDVypX,en-US=ebooks-papers/top-12-customer-communication-trends-watch; es=recursos/las-12-principales-tendencias-de-comunicación-con-el-cliente-que-hay-que-observar,N,C1 - Digital - Hand Raiser Form,,EB-CXM-Top 12 Customer Communications tr|EB-Top 12 Customer Communications trends,,7012A000001BWGu,MCCF - FY19-Q1-GL-CM-IB-CCM-Top 12 Trends eBook,,,Awareness,,,,,Customer Communications,
677ZgsBICxlG8ER6w80FzM,resourcePage,https://app.contentful.com/spaces/yymku90gll7g/environments/master/entries/677ZgsBICxlG8ER6w80FzM,en-US=ebooks-papers/ultimate-ar-email-template-kit; fr-FR=ressources/kit-modeles-lettres-recouvrement-gratuit,N,C1 - Digital - Hand Raiser Form,7015a0000019gqdAAA,GD-AR-AR-Email-Kit-TOFP2|GD-AR-Email-Kit-TOFP2,,,MCCF - FY21-Q4-GL-IB-BPA-TOF-Persona2-Drip-GD,,,Awareness,Email Campaign,,,Accounts Receivable Automation,Accounts Receivable,
7wahh4CHqDrBVtrUYMq6P4,resourcePage,https://app.contentful.com/spaces/yymku90gll7g/environments/master/entries/7wahh4CHqDrBVtrUYMq6P4,en-US=ebooks-papers/ultimate-postage-meter-buyers-guide; fr-BE=ressources/guide-achat-complet-machine-a-affranchir; fr-FR=ressources/guide-achat-complet-machine-a-affranchir,N,C1 - MRS - Hand Raiser Form,0,GD-Download-MRS-LO-PMBG|GD-MRS-Download-MRS-LO-PMBG,,0,MCCF - GWN - Buyers Guide WP,,0,Comparison,WEB,,,Postage Meters|Postage Meters & Mailing Systems,Mailing and Shipping,7014X000002m33aQAA
45U1FNisGCqA0ANcyCQ1KK,resourcePage,https://app.contentful.com/spaces/yymku90gll7g/environments/master/entries/45U1FNisGCqA0ANcyCQ1KK,webinars-events/accounting-life-celebrities,N,C1 - Digital - Hand Raiser Form,701OL00000YYunPYAT,VD-AP-on-demand,FY25-Q3-GL-DG-IB-ACQ-AP-LI-Accounting-Life-AP-Lessons-from-CelebritiesWBNR,,,,,Awareness,Email Campaign,,,,Accounts Payable,
6WWxzy2tntrLId2qLxeICD,resourcePage,https://app.contentful.com/spaces/yymku90gll7g/environments/master/entries/6WWxzy2tntrLId2qLxeICD,webinars-events/accounting-life-sports,N,C1 - Digital - Hand Raiser Form,701OL00000VHf9mYAD,VD-AP-on-demand,FY25-Q3-AM-DG-EV-AP-ACQ-QUAD-WBN-Accounting-Life-Sports,,,,,Awareness,Email Campaign,,,,Accounts Payable,
6eGRxvSEoa9xLhGxicmGVt,resourcePage,https://app.contentful.com/spaces/yymku90gll7g/environments/master/entries/6eGRxvSEoa9xLhGxicmGVt,webinars-events/acing-your-ap-audit,N,C1 - Digital - Hand Raiser Form,701OL00000csUWHYA2,VD-AP-on-demand,FY25-Q4-AM-DG-OB-ACQ-AP-QUAD-WBN-acing-your-AP-audit,,,,701Pm0000133lRfIAI,Awareness,Email Campaign,,,Accounts Payable Automation,Accounts Payable,
4frFzyrzRU8CTJP9yyAypM,resourcePage,https://app.contentful.com/spaces/yymku90gll7g/environments/master/entries/4frFzyrzRU8CTJP9yyAypM,webinars-events/ai-accounting-processes,N,C1 - Digital - Hand Raiser Form,701OL00000TPkyDYAT,VD-AP-ondemand,FY25-Q2-UD-UKI-DG-IB-AP-ACQ-ondemandMakingAICountStreamliningFinanceProcess,,,,701Pq00000bg1s7IAA,Awareness,Beanworks.com,,,,Accounts Payable,
4oQLUL0oKDSn6nPMueJMHq,resourcePage,https://app.contentful.com/spaces/yymku90gll7g/environments/master/entries/4oQLUL0oKDSn6nPMueJMHq,webinars-events/ap-2025-trends-predictions-and-future,N,C1 - Digital - Hand Raiser Form,701OL00000TJotHYAT,VD-AP-ondemand,FY25-Q2-UD-UKI-DG-IB-AP-ACQ-ondemandAPtrendstolookforin2025,,,,701Pq00000bYVdjIAG,Awareness,Beanworks.com,,,Accounts Payable Automation,Accounts Payable,
1q66XGjDIRZusRPusCcX60,resourcePage,https://app.contentful.com/spaces/yymku90gll7g/environments/master/entries/1q66XGjDIRZusRPusCcX60,webinars-events/ap-fraud-files-famous-frauds,N,C1 - Digital - Hand Raiser Form,701OL00000TSxENYA1,VD-AP-famous-fraud-organic,,,,,,Awareness,Beanworks.com,,,Accounts Payable Automation,Accounts Payable,
5JcywhDEKfKaxeH2QvZgkT,resourcePage,https://app.contentful.com/spaces/yymku90gll7g/environments/master/entries/5JcywhDEKfKaxeH2QvZgkT,webinars-events/ap-fraud-files-vendor-fraud,N,C1 - Digital - Hand Raiser Form,701OL00000WLwZfYAL,VD-AP-on-demand,FY25-Q3-AM-CA-DG-EV-ACQ-AP-QUAD-WBN-Payment-Fraud,,,,,Awareness,Email Campaign,,,Accounts Payable Automation,Accounts Payable,
69vSljSUAKIj1tqTMbHinJ,resourcePage,https://app.contentful.com/spaces/yymku90gll7g/environments/master/entries/69vSljSUAKIj1tqTMbHinJ,webinars-events/ap-integration-without-headaches-complexity-simplicity,N,C1 - Digital - Hand Raiser Form,701OL00000YSFRyYAP,VD-AP-on-demand,FY25-Q3-AM-DG-EV-ACQ-AP-QUAD-WBN-AP-Integration,,,,,Awareness,Email Campaign,,,Accounts Payable Automation,Accounts Payable,
pyQ5Vi4n7ndZGOpri4lYo,resourcePage,https://app.contentful.com/spaces/yymku90gll7g/environments/master/entries/pyQ5Vi4n7ndZGOpri4lYo,webinars-events/ap-reset-playbook,N,C1 - Digital - Hand Raiser Form,701OL00000hiKDaYAM,VD-AP-on-demand,FY26-Q1-AM-CA-DG-EV-ACQ-AP-QUAD-WBN-Reset-Playbook,,,,701Pm00001DVm1yIAD,Awareness,Beanworks.com,,,Accounts Payable Automation,Accounts Payable,
7uYGzsufkpY3dmXPX5zj6X,resourcePage,https://app.contentful.com/spaces/yymku90gll7g/environments/master/entries/7uYGzsufkpY3dmXPX5zj6X,webinars-events/bots-brains-what-agentic-ai-means-finance-leaders,N,C1 - Digital - Hand Raiser Form,701OL00000en5U9YAI,VD-AP-from bots to brains webinar,FY25-Q4-GL-DG-IB-ACQ-AP-QUAD-WBN-ondemand webinar resource agentic ai in finance,,,,701Pm000016BEIJIA4,Comparison,Email Campaign,,,,Accounts Receivable,
uUeIpFKkH5LBYLaqU6jPA,resourcePage,https://app.contentful.com/spaces/yymku90gll7g/environments/master/entries/uUeIpFKkH5LBYLaqU6jPA,webinars-events/building-ap-automation-business-case-today,N,C1 - Digital - Hand Raiser Form,701OL00000hpuVmYAI,VD-AP-on-demand,FY26-Q1-AM-CA-DG-EV-ACQ-AP-QUAD-WBN-Business-Case-for-Finance-Automation,,,,701Pm00001Dm00zIAB,Awareness,Email Campaign,,,Accounts Payable Automation,Accounts Payable,
B1cMKW5sbnQiogF72rcwY,resourcePage,https://app.contentful.com/spaces/yymku90gll7g/environments/master/entries/B1cMKW5sbnQiogF72rcwY,webinars-events/business-growth-headaches,N,C1 - Digital - Hand Raiser Form,701OL00000TPeuUYAT,VD-AP-ondemand,FY25-Q2-UD-UKI-DG-IB-AP-ACQ-ondemandBusinessGrowthCreatingHeadachesForFinancialT,,,,701Pq00000bfzn3IAA,Awareness,Beanworks.com,,,,Accounts Payable,
3Dapn90fBV5tBcaXNglGfv,resourcePage,https://app.contentful.com/spaces/yymku90gll7g/environments/master/entries/3Dapn90fBV5tBcaXNglGfv,webinars-events/change-management-ap-success,N,C1 - Digital - Hand Raiser Form,701OL00000Sm1MhYAJ,VD-AP-change-mgmt-organic,,,,,,Awareness,Beanworks.com,,,Accounts Payable Automation,Accounts Payable,
72WiGqfq7RzpA3fea1OuW0,resourcePage,https://app.contentful.com/spaces/yymku90gll7g/environments/master/entries/72WiGqfq7RzpA3fea1OuW0,webinars-events/choosing-ap-platform,N,C1 - Digital - Hand Raiser Form,701OL00000TPcKoYAL,VD-AP-ondemand,FY25-Q2-UD-UKI-DG-IB-AP-ACQ-ondemandChoosingTheRightAPPlatform,,,,701Pq00000bg1iMIAQ,Awareness,Beanworks.com,,,Accounts Payable Automation,Accounts Payable,
2fdQ9mVdAtdAf3fevlVRre,resourcePage,https://app.contentful.com/spaces/yymku90gll7g/environments/master/entries/2fdQ9mVdAtdAf3fevlVRre,webinars-events/choosing-right-accounts-payable-platform,N,C1 - Digital - Hand Raiser Form,7015a0000019hC3AAI,,,,,,,Awareness,Beanworks.com,,,Accounts Payable Automation,Accounts Payable,
1xRmB7PjuZknWDPzGetdRp,resourcePage,https://app.contentful.com/spaces/yymku90gll7g/environments/master/entries/1xRmB7PjuZknWDPzGetdRp,webinars-events/cutting-out-paper-cuts,N,C1 - Digital - Hand Raiser Form,701OL00000TPf47YAD,VD-AP-ondemand,FY25-Q2-UD-UKI-DG-IB-AP-ACQ-ondemandCuttingOutPaperBenefitsOfAP,,,,701Pq00000bg07zIAA,Awareness,Beanworks.com,,,Accounts Payable Automation,Accounts Payable,
15MHxJMkepb06OWMqJXanN,resourcePage,https://app.contentful.com/spaces/yymku90gll7g/environments/master/entries/15MHxJMkepb06OWMqJXanN,webinars-events/digital-advantage-suite-dynamic-communications,N,C1 - Digital - Hand Raiser Form,,VD-CXM-Digital Advantage Suite & Dyn Com,,7013k000001Brq7,,,,Awareness,,,,,Customer Communications,
5TikzG3593zpf4E6QpPe6m,resourcePage,https://app.contentful.com/spaces/yymku90gll7g/environments/master/entries/5TikzG3593zpf4E6QpPe6m,webinars-events/digital-invoicing-becoming-standard,N,C1 - Digital - Hand Raiser Form,701OL00000esSY9YAM,VD-AP-on-demand,FY25-Q4-AM-CA-DG-EV-ACQ-AP-QUAD-WBN-einvoicing-SMB,,,,701Pm000016M0a7IAC,Awareness,Beanworks.com,,,,Accounts Payable,
24HuqmIuoCuPOn8gQzEa1A,resourcePage,https://app.contentful.com/spaces/yymku90gll7g/environments/master/entries/24HuqmIuoCuPOn8gQzEa1A,webinars-events/free-monthly-accounts-payable-demo-nar,N,C1 - Digital - Hand Raiser Form,7015a0000019hC3AAI,,,,,,,Awareness,Beanworks.com,,,Accounts Payable Automation,Accounts Payable,
7N2nb7TxpkrEYJx32onedF,resourcePage,https://app.contentful.com/spaces/yymku90gll7g/environments/master/entries/7N2nb7TxpkrEYJx32onedF,webinars-events/future-proofing-smbs-rising-costs,N,C1 - Digital - Hand Raiser Form,701OL00000TPimjYAD,VD-AP-ondemand,FY25-Q2-UD-UKI-DG-IB-AP-ACQ-ondemandBeyondTheBudgetFutureProofingSMBsAgainstCost,,,,701Pq00000bfvbQIAQ,Awareness,Beanworks.com,,,,Accounts Payable,
13pEeoUAbuKVSu88SA86zv,resourcePage,https://app.contentful.com/spaces/yymku90gll7g/environments/master/entries/13pEeoUAbuKVSu88SA86zv,webinars-events/getting-more-value-sage,N,C1 - Digital - Hand Raiser Form,701OL00000hiNEgYAM,VD-AP-on-demand,FY26-Q1-AM-CA-DG-EV-ACQ-AP-QUAD-WBN-Sage-Session,,,,701Pm00001DVwSkIAL,Awareness,Email Campaign,,,,Accounts Payable,
5ABP06furT5zLQn3TL485M,resourcePage,https://app.contentful.com/spaces/yymku90gll7g/environments/master/entries/5ABP06furT5zLQn3TL485M,webinars-events/great-reconciliation,N,C1 - Digital - Hand Raiser Form,701OL00000hhnL0YAI,VD-AP-on-demand,FY26-Q1-AM-CA-DG-EV-ACQ-AP-QUAD-WBN-Great-Reconciliation,,,,701Pm00001DVyKrIAL,Awareness,Email Campaign,,,,Accounts Payable,
4bz92PJqK93gw7aYccvIDz,resourcePage,https://app.contentful.com/spaces/yymku90gll7g/environments/master/entries/4bz92PJqK93gw7aYccvIDz,webinars-events/how-erp-connectors-transform-ap-automation,N,C1 - Digital - Hand Raiser Form,701OL00000dlrTuYAI,VD-AP-on-demand,FY25-Q4-AM-DG-OB-ACQ-AP-QUAD-WBN-How ERP Connectors Transform AP Automation,,,,,Awareness,Email Campaign,,,Accounts Payable Automation,Accounts Payable,
55u0M4AhgOiGuIjjDHUqEa,resourcePage,https://app.contentful.com/spaces/yymku90gll7g/environments/master/entries/55u0M4AhgOiGuIjjDHUqEa,webinars-events/how-finance-leaders-can-navigate-us-canada-trade-relations,N,C1 - Digital - Hand Raiser Form,701OL00000NdKODYA3,VD-AP-Organic-Trade-Relations,,,,,,Comparison,Beanworks.com,,,,Accounts Payable,
6wKdCUwB2dpekVCScORbFH,resourcePage,https://app.contentful.com/spaces/yymku90gll7g/environments/master/entries/6wKdCUwB2dpekVCScORbFH,webinars-events/inspire-scaler-what-is-for-me,N,C1 - Digital - Hand Raiser Form,,VD-CXM-Inspire Scaler�What�s it for me,,7013k000001Brqv,,,,Awareness,,,,Customer Communications Management,Customer Communications,
3bAPFN25El6Gyov0hiRSSX,resourcePage,https://app.contentful.com/spaces/yymku90gll7g/environments/master/entries/3bAPFN25El6Gyov0hiRSSX,webinars-events/invoice-processing-multiple-business-entities-locations,N,C1 - Digital - Hand Raiser Form,701OL00000TJtY3YAL,VD-AP-ondemand,FY25-Q2-UD-UKI-DG-IB-AP-ACQ-ondemandMultibusinessEntitiesandLocation,,,,701Pq00000bYrcUIAS,Awareness,Beanworks.com,,,Accounts Payable Automation,Accounts Payable,
6i8NCabNs6gACrx4IqTsJZ,resourcePage,https://app.contentful.com/spaces/yymku90gll7g/environments/master/entries/6i8NCabNs6gACrx4IqTsJZ,webinars-events/kickstart-your-ap-transformation,N,C1 - Digital - Hand Raiser Form,701OL00000f0I5PYAU,VD-AP-on-demand,FY25-Q4-AM-CA-DG-EV-ACQ-AP-QUAD-WBN-AP-Transformation,,,,701Pm000016ZaWDIA0,Awareness,Beanworks.com,,,Accounts Payable Automation,Accounts Payable,
54Z8sCZRJ27RRbjmp3LWjq,resourcePage,https://app.contentful.com/spaces/yymku90gll7g/environments/master/entries/54Z8sCZRJ27RRbjmp3LWjq,webinars-events/mastering-accounts-payable-workflow,N,C1 - Digital - Hand Raiser Form,701OL00000TJrPjYAL,VD-AP-ondemand,FY25-Q2-UD-UKI-DG-IB-AP-ACQ-ondemandmasteringtheaccountspayableworkflow,,,,701Pq00000bYVVXIA4,Awareness,Beanworks.com,,,Accounts Payable Automation,Accounts Payable,
3EaNu3lRmo2RpLmEhFpWER,resourcePage,https://app.contentful.com/spaces/yymku90gll7g/environments/master/entries/3EaNu3lRmo2RpLmEhFpWER,webinars-events/new-ai-frontier-transforming-financial-automation-0,N,C1 - Digital - Hand Raiser Form,701OL00000RFqRrYAL,VD-AP-AI-Frontier,,,,,,Awareness,Beanworks.com,,,,Accounts Payable,
59XjIFbWY3dOuK38F4uczF,resourcePage,https://app.contentful.com/spaces/yymku90gll7g/environments/master/entries/59XjIFbWY3dOuK38F4uczF,webinars-events/novice-guru-how-ai-accelerates-processes,N,C1 - Digital - Hand Raiser Form,701OL00000WmlrrYAB | 701OL00000XuPVQYA3,VD-AP-on-demand,,,,,,Awareness,Email Campaign,,,,Accounts Payable,
3sjbxpnz5915ZhLLyRwrzI,resourcePage,https://app.contentful.com/spaces/yymku90gll7g/environments/master/entries/3sjbxpnz5915ZhLLyRwrzI,webinars-events/novice-to-guru-mastering-ai-in-finance,N,C1 - Digital - Hand Raiser Form,701OL00000TwwitYAB,VD-AP-on-demand,,,,,,Awareness,Email Campaign,,,,Accounts Payable,
2e20DBX3ushb4EsvyvW4y7,resourcePage,https://app.contentful.com/spaces/yymku90gll7g/environments/master/entries/2e20DBX3ushb4EsvyvW4y7,webinars-events/optimising-cash-flow-forecasting-weather-economic-storms,N,C1 - Digital - Hand Raiser Form,701OL00000a4E2uYAE,VD-AP-Cash Flow On Demand Webinar,,,,,701Pm00000yxyIZIAY,Awareness,Beanworks.com,,,,Accounts Payable,
3E2nh6L36JVx9PAqqKbtn5,resourcePage,https://app.contentful.com/spaces/yymku90gll7g/environments/master/entries/3E2nh6L36JVx9PAqqKbtn5,webinars-events/our-journey-digital-lincoln-financial-group,N,C1 - Digital - Hand Raiser Form,,VD-CXM-Our Journey to Digital-LincolnFin,,7013k000001Brp4,,,,Awareness,,,,,Customer Communications,
2keKHT4zEFk8ANHTwKLD3b,resourcePage,https://app.contentful.com/spaces/yymku90gll7g/environments/master/entries/2keKHT4zEFk8ANHTwKLD3b,webinars-events/partnership-sage-ap-automation,N,C1 - Digital - Hand Raiser Form,701OL00000TPnmPYAT,VD-AP-ondemand,FY25-Q2-UD-UKI-DG-IB-AP-ACQ-ondemandPerfectPartnershipSageAPAutomation,,,,701Pq00000bgMObIAM,Awareness,Beanworks.com,,,Accounts Payable Automation,Accounts Payable,
3Xjcs4xP1PoUQOMDrGCN7a,resourcePage,https://app.contentful.com/spaces/yymku90gll7g/environments/master/entries/3Xjcs4xP1PoUQOMDrGCN7a,webinars-events/practical-workflow-scorecard,N,C1 - Digital - Hand Raiser Form,701OL00000hiGYBYA2,VD-AP-on-demand,FY26-Q1-AM-CA-DG-EV-ACQ-AP-QUAD-WBN-workflow-scorecard,,,,,Awareness,Beanworks.com,,,,Accounts Payable,
4ugsrowlCRb5n41tzMEDrc,resourcePage,https://app.contentful.com/spaces/yymku90gll7g/environments/master/entries/4ugsrowlCRb5n41tzMEDrc,webinars-events/protecting-profit-margins,N,C1 - Digital - Hand Raiser Form,701OL00000RhZ34YAF,VD-AP-inflationary-economy,,,,,,Awareness|Comparison,Beanworks.com,,,,Accounts Payable,
5Ks7KYONABxD1HQqTnQdW2,resourcePage,https://app.contentful.com/spaces/yymku90gll7g/environments/master/entries/5Ks7KYONABxD1HQqTnQdW2,webinars-events/quadient-transformation-made-simple-cognizants-coral,N,C1 - Digital - Hand Raiser Form,,VD-CXM-CORAL�Quad Transformation Made,,7013k000001Brre,,,,Awareness,,,,,Customer Communications,
5QnCXlB2fIEbwzErxvEtf7,resourcePage,https://app.contentful.com/spaces/yymku90gll7g/environments/master/entries/5QnCXlB2fIEbwzErxvEtf7,webinars-events/roundtable-sage-and-ap-automation-success,N,C1 - Digital - Hand Raiser Form,701OL00000QE9awYAD,VD-AP-Organic-Sage-Roundtable,,,,,,Awareness,Beanworks.com,,,Accounts Payable Automation,Accounts Payable,
5JCvFbUtGqOGw2HuqNmGb2,resourcePage,https://app.contentful.com/spaces/yymku90gll7g/environments/master/entries/5JCvFbUtGqOGw2HuqNmGb2,webinars-events/solving-payment-problem-better-way-collect,N,C1 - Digital - Hand Raiser Form,701OL00000LsiXsYAJ,VD-AR-solving-payments-may,,,,,,Awareness,YayPay.com,,,,Accounts Receivable,
7g3NPNAL3i0dPLFkFaFVwO,resourcePage,https://app.contentful.com/spaces/yymku90gll7g/environments/master/entries/7g3NPNAL3i0dPLFkFaFVwO,webinars-events/streamlining-your-accounts-payable-automation-tools,N,C1 - Digital - Hand Raiser Form,7015a0000019iMJAAY,WP-AP-State of AP,FY22-UKIRE-Organic-AP-bw.com-State-of-AP-WP,,,,,Awareness,Beanworks.com,,,Accounts Payable Automation,Accounts Payable,
6otWDiI2PXSsX2ftr1tQwJ,resourcePage,https://app.contentful.com/spaces/yymku90gll7g/environments/master/entries/6otWDiI2PXSsX2ftr1tQwJ,webinars-events/take-your-wisp-paper-practice,N,C1 - Digital - Hand Raiser Form,701OL00000SS17XYAT,VD-AP-training-firms-organic,,,,,,Awareness,Beanworks.com,,,,Accounts Payable,
2D9OUZxCPaYMbimbBsYTy2,resourcePage,https://app.contentful.com/spaces/yymku90gll7g/environments/master/entries/2D9OUZxCPaYMbimbBsYTy2,webinars-events/tariff-ied-minimizing-impact,N,C1 - Digital - Hand Raiser Form,701OL00000SmZMjYAN,VD-AP-tariff-organic,,,,,,Awareness,Beanworks.com,,,,Accounts Payable,
6MQlFkzP01wjh8tLUB8GZ4,resourcePage,https://app.contentful.com/spaces/yymku90gll7g/environments/master/entries/6MQlFkzP01wjh8tLUB8GZ4,webinars-events/tax-season-fraud,N,C1 - Digital - Hand Raiser Form,701OL00000hiKogYAE,VD-AP-on-demand,FY26-Q1-AM-CA-DG-EV-ACQ-AP-QUAD-WBN-Tax-Season,,,,701Pm00001DUw8JIAT,Awareness,Beanworks.com,,,,Accounts Payable,
3NqWIPUDfcqRidQOHTWK8S,resourcePage,https://app.contentful.com/spaces/yymku90gll7g/environments/master/entries/3NqWIPUDfcqRidQOHTWK8S,webinars-events/top-ap-headaches-ditch-2025,N,C1 - Digital - Hand Raiser Form,701OL00000TJkpfYAD,VD-AP-ondemand,FY25-Q2-UD-UKI-DG-IB-AP-ACQ-ondemandtopapheadachestoditchin2025,,,,701Pq00000bYQR7IAO,Awareness,Beanworks.com,,,Accounts Payable Automation,Accounts Payable,
3eD2TxRHALYTVH4AT02LtM,resourcePage,https://app.contentful.com/spaces/yymku90gll7g/environments/master/entries/3eD2TxRHALYTVH4AT02LtM,webinars-events/winning-finance-talent-war,N,C1 - Digital - Hand Raiser Form,701OL00000QRsRxYAL,VD-AP-talent-war-organic,,,,,,Awareness,Beanworks.com,,,,Accounts Payable,
2JVKNOe9qEyEKgQNl5u0cd,resourcePage,https://app.contentful.com/spaces/yymku90gll7g/environments/master/entries/2JVKNOe9qEyEKgQNl5u0cd,webinars-events/xero-and-ap-automation,N,C1 - Digital - Hand Raiser Form,701OL00000WNlPsYAL,VD-AP-ondemand,FY25-Q2-UD-UKI-DG-IB-AP-ACQ-ondemandPerfectPartnershipXeroAPAutomation,,,,701Pm00000rP06LIAS,Awareness,Beanworks.com,,,Accounts Payable Automation,Accounts Payable,
